player,player_id,team_id,stint,start,end,rp_eligible,team_from,trade_id,transaction_type,n_points,n_games,w_bat,w_sp,w_rp,ppg
A.J. Minter,36133,7,0,1,25,TRUE,NA,NA,Draft,25.5,11,0,0,1,2.3181818181818183
Aaron Judge,33192,14,0,1,82,FALSE,NA,NA,Draft,201.5,49,1,0,0,4.112244897959184
Aaron Nola,33709,4,0,1,12,FALSE,NA,NA,Draft,14.5,2,0,1,0,7.25
Adam Duvall,32664,9,0,1,13,FALSE,NA,NA,Draft,61,8,1,0,0,7.625
Adam Ottavino,29705,9,0,1,4,TRUE,NA,NA,Draft,5,1,0,0,1,5
Adam Wainwright,5403,11,0,1,10,FALSE,NA,NA,Draft,0,0,NA,NA,NA,0
Adley Rutschman,42178,4,0,1,82,FALSE,NA,NA,Draft,200.5,69,1,0,0,2.9057971014492754
Adolis Garcia,35537,8,0,1,82,FALSE,NA,NA,Draft,232.5,70,1,0,0,3.3214285714285716
Alec Bohm,41169,11,0,1,82,FALSE,NA,NA,Draft,151,60,1,0,0,2.5166666666666666
Alejandro Kirk,42081,2,0,1,44,FALSE,NA,NA,Draft,54,30,1,0,0,1.8
Alek Manoah,42436,14,0,1,72,FALSE,NA,NA,Draft,71,9,0,1,0,7.888888888888889
Alex Bregman,34886,13,0,1,82,FALSE,NA,NA,Draft,189.5,71,1,0,0,2.6690140845070425
Alex Cobb,31086,6,0,1,82,FALSE,NA,NA,Draft,186,13,0,1,0,14.307692307692308
Alex Lange,40976,13,0,1,10,TRUE,NA,NA,Draft,0,3,0,0,1,0
Alex Verdugo,33786,4,0,1,82,FALSE,NA,NA,Draft,211.5,67,1,0,0,3.156716417910448
Alexis Diaz,4905920,7,0,1,82,TRUE,NA,NA,Draft,161,30,0,0,1,5.366666666666666
Amed Rosario,33215,4,0,1,82,FALSE,NA,NA,Draft,104,54,1,0,0,1.9259259259259258
Andres Gimenez,37729,14,0,1,57,FALSE,NA,NA,Draft,82.5,45,1,0,0,1.8333333333333333
Andres Munoz,40939,12,0,1,41,TRUE,NA,NA,Draft,13.5,4,0,0,1,3.375
Andrew Benintendi,34986,11,0,1,67,FALSE,NA,NA,Draft,124.5,57,1,0,0,2.1842105263157894
Andrew Heaney,32672,4,0,1,82,FALSE,NA,NA,Draft,157.5,12,0,1,0,13.125
Andrew McCutchen,28701,7,0,1,82,FALSE,NA,NA,Draft,149,57,1,0,0,2.6140350877192984
Andrew Vaughn,42394,6,0,1,82,FALSE,NA,NA,Draft,172,71,1,0,0,2.4225352112676055
Anthony Rendon,32098,6,0,1,82,FALSE,NA,NA,Draft,86,37,1,0,0,2.324324324324324
Anthony Rizzo,30782,13,0,1,82,FALSE,NA,NA,Draft,159.5,66,1,0,0,2.4166666666666665
Anthony Santander,36084,5,0,1,82,FALSE,NA,NA,Draft,180,66,1,0,0,2.727272727272727
Anthony Volpe,42547,1,0,1,15,FALSE,NA,NA,Draft,-0.5,4,1,0,0,-0.125
Aroldis Chapman,30442,11,0,1,82,TRUE,NA,NA,Draft,92,26,0,0,1,3.5384615384615383
Austin Hays,36928,5,0,1,82,FALSE,NA,NA,Draft,179.5,64,1,0,0,2.8046875
Austin Meadows,33197,2,0,1,10,FALSE,NA,NA,Draft,6.5,6,1,0,0,1.0833333333333333
Austin Riley,34982,6,0,1,82,FALSE,NA,NA,Draft,166,72,1,0,0,2.3055555555555554
Blake Snell,33748,1,0,1,82,FALSE,NA,NA,Draft,181.5,13,0,1,0,13.961538461538462
Bo Bichette,38904,12,0,1,82,FALSE,NA,NA,Draft,215,73,1,0,0,2.9452054794520546
Bobby Witt Jr.,42403,7,0,1,82,FALSE,NA,NA,Draft,185.5,70,1,0,0,2.65
Brady Singer,41172,12,0,1,32,FALSE,NA,NA,Draft,3.5,4,0,1,0,0.875
Brandon Drury,32269,11,0,1,82,FALSE,NA,NA,Draft,151.5,64,1,0,0,2.3671875
Brandon Lowe,39961,6,0,1,70,FALSE,NA,NA,Draft,107.5,47,1,0,0,2.2872340425531914
Brandon Nimmo,32159,2,0,1,82,FALSE,NA,NA,Draft,195.5,68,1,0,0,2.875
Brandon Woodruff,37515,11,0,1,82,FALSE,NA,NA,Draft,40.5,2,0,1,0,20.25
Brendan Donovan,41773,8,0,1,35,FALSE,NA,NA,Draft,43.5,20,1,0,0,2.175
Brett Baty,42414,13,0,1,50,FALSE,NA,NA,Draft,28.5,16,1,0,0,1.78125
Bryan De La Cruz,40787,14,0,1,3,FALSE,NA,NA,Draft,-0.5,2,1,0,0,-0.25
Bryan Reynolds,38980,13,0,1,39,FALSE,NA,NA,Draft,106.5,32,1,0,0,3.328125
Bryce Harper,30951,11,0,1,82,FALSE,NA,NA,Draft,104.5,39,1,0,0,2.6794871794871793
Byron Buxton,32655,6,0,1,74,FALSE,NA,NA,Draft,136,50,1,0,0,2.72
C.J. Cron,32155,7,0,1,76,FALSE,NA,NA,Draft,77.5,35,1,0,0,2.2142857142857144
CJ Abrams,42402,14,0,1,16,FALSE,NA,NA,Draft,23,13,1,0,0,1.7692307692307692
Cal Quantrill,39875,5,0,1,82,FALSE,NA,NA,Draft,7.5,5,0,1,0,1.5
Camilo Doval,41337,5,0,1,82,TRUE,NA,NA,Draft,146,32,0,0,1,4.5625
Carlos Correa,32653,13,0,1,82,FALSE,NA,NA,Draft,128,59,1,0,0,2.169491525423729
Carlos Rodon,33696,2,0,1,82,FALSE,NA,NA,Draft,0,0,NA,NA,NA,0
Carlos Santana,30280,1,0,1,16,FALSE,NA,NA,Draft,31.5,11,1,0,0,2.8636363636363638
Cedric Mullins,35578,11,0,1,82,FALSE,NA,NA,Draft,183.5,52,1,0,0,3.5288461538461537
Charlie Blackmon,31084,8,0,1,82,FALSE,NA,NA,Draft,152,56,1,0,0,2.7142857142857144
Charlie Morton,29155,4,0,1,82,FALSE,NA,NA,Draft,185.5,13,0,1,0,14.26923076923077
Chris Bassitt,33148,5,0,1,82,FALSE,NA,NA,Draft,225,15,0,1,0,15
Chris Sale,30948,6,0,1,82,FALSE,NA,NA,Draft,146.5,11,0,1,0,13.318181818181818
Chris Taylor,32900,12,0,1,3,FALSE,NA,NA,Draft,1,1,1,0,0,1
Christian Walker,32758,8,0,1,82,FALSE,NA,NA,Draft,217.5,68,1,0,0,3.198529411764706
Christian Yelich,31283,13,0,1,82,FALSE,NA,NA,Draft,200.5,68,1,0,0,2.948529411764706
Clarke Schmidt,41085,1,0,1,5,TRUE,NA,NA,Draft,3.5,1,0,1,0,3.5
Clay Holmes,32827,8,0,1,55,TRUE,NA,NA,Draft,-5,3,0,0,1,-1.6666666666666667
Clayton Kershaw,28963,1,0,1,82,FALSE,NA,NA,Draft,201,12,0,1,0,16.75
Cody Bellinger,33912,9,0,1,61,FALSE,NA,NA,Draft,126.5,37,1,0,0,3.418918918918919
Corbin Burnes,39878,6,0,1,39,FALSE,NA,NA,Draft,92.5,7,0,1,0,13.214285714285714
Corbin Carroll,42404,14,0,1,82,FALSE,NA,NA,Draft,255.5,67,1,0,0,3.8134328358208953
Corey Seager,32691,5,0,1,82,FALSE,NA,NA,Draft,170.5,39,1,0,0,4.371794871794871
Craig Kimbrel,30653,11,0,1,8,TRUE,NA,NA,Draft,-7.5,2,0,0,1,-3.75
Cristian Javier,41261,1,0,1,82,FALSE,NA,NA,Draft,203.5,13,0,1,0,15.653846153846153
DJ LeMahieu,30765,12,0,1,79,FALSE,NA,NA,Draft,115.5,60,1,0,0,1.925
Daniel Bard,30158,1,0,1,30,TRUE,NA,NA,Draft,9,3,0,0,1,3
Dansby Swanson,34895,1,0,1,82,FALSE,NA,NA,Draft,171.5,70,1,0,0,2.45
Daulton Varsho,40963,12,0,1,82,FALSE,NA,NA,Draft,176,72,1,0,0,2.4444444444444446
David Bednar,38303,8,0,1,82,TRUE,NA,NA,Draft,95,24,0,0,1,3.9583333333333335
David Robertson,29172,14,0,1,82,TRUE,NA,NA,Draft,121,27,0,0,1,4.481481481481482
Devin Williams,33224,9,0,1,82,TRUE,NA,NA,Draft,110.5,24,0,0,1,4.604166666666667
Domingo German,33660,11,0,1,31,FALSE,NA,NA,Draft,57.5,4,0,1,0,14.375
Drew Rasmussen,42584,5,0,1,82,FALSE,NA,NA,Draft,127,8,0,1,0,15.875
Dustin May,40937,2,0,1,55,FALSE,NA,NA,Draft,131.5,9,0,1,0,14.61111111111111
Dylan Cease,34943,14,0,1,82,FALSE,NA,NA,Draft,192.5,15,0,1,0,12.833333333333334
Eduardo Rodriguez,32675,6,0,1,11,FALSE,NA,NA,Draft,11,2,0,1,0,5.5
Edward Cabrera,40944,1,0,1,11,FALSE,NA,NA,Draft,9.5,2,0,1,0,4.75
Eloy Jimenez,33867,13,0,1,82,FALSE,NA,NA,Draft,102.5,40,1,0,0,2.5625
Emmanuel Clase,41743,8,0,1,82,TRUE,NA,NA,Draft,128.5,34,0,0,1,3.7794117647058822
Enrique Hernandez,31358,12,0,1,3,FALSE,NA,NA,Draft,0,0,1,0,0,0
Eric Lauer,39915,2,0,1,18,FALSE,NA,NA,Draft,27.5,3,0,1,0,9.166666666666666
Eugenio Suarez,32367,1,0,1,70,FALSE,NA,NA,Draft,105,57,1,0,0,1.8421052631578947
Evan Phillips,37911,12,0,1,82,TRUE,NA,NA,Draft,113.5,28,0,0,1,4.053571428571429
Ezequiel Tovar,4905919,6,0,1,3,FALSE,NA,NA,Draft,1.5,1,1,0,0,1.5
Felix Bautista,4905859,8,0,1,82,TRUE,NA,NA,Draft,180.5,32,0,0,1,5.640625
Fernando Tatis Jr.,35983,13,0,1,82,FALSE,NA,NA,Draft,199.5,51,1,0,0,3.911764705882353
Framber Valdez,36581,2,0,1,82,FALSE,NA,NA,Draft,301,14,0,1,0,21.5
Francisco Lindor,32129,7,0,1,82,FALSE,NA,NA,Draft,190,71,1,0,0,2.676056338028169
Freddie Freeman,30193,7,0,1,82,FALSE,NA,NA,Draft,278.5,72,1,0,0,3.8680555555555554
Freddy Peralta,39825,9,0,1,82,FALSE,NA,NA,Draft,138.5,11,0,1,0,12.590909090909092
Garrett Whitlock,39674,8,0,1,30,TRUE,NA,NA,Draft,27,2,0,1,0,13.5
George Kirby,42406,8,0,1,82,FALSE,NA,NA,Draft,225.5,13,0,1,0,17.346153846153847
George Springer,32078,6,0,1,82,FALSE,NA,NA,Draft,183,68,1,0,0,2.6911764705882355
German Marquez,34874,14,0,1,12,FALSE,NA,NA,Draft,24,2,0,1,0,12
Gerrit Cole,32081,12,0,1,82,FALSE,NA,NA,Draft,288.5,15,0,1,0,19.233333333333334
Giancarlo Stanton,30583,12,0,1,82,FALSE,NA,NA,Draft,57,25,1,0,0,2.28
Giovanny Gallegos,36050,13,0,1,3,TRUE,NA,NA,Draft,0,0,NA,NA,NA,0
Gleyber Torres,33804,9,0,1,82,FALSE,NA,NA,Draft,186,71,1,0,0,2.619718309859155
Graham Ashcraft,4084179,9,0,1,33,FALSE,NA,NA,Draft,53,3,0,1,0,17.666666666666668
Gunnar Henderson,42507,14,0,1,54,FALSE,NA,NA,Draft,54,32,1,0,0,1.6875
Ha-Seong Kim,4089862,9,0,1,23,FALSE,NA,NA,Draft,24.5,20,1,0,0,1.225
Harrison Bader,35062,5,0,1,82,FALSE,NA,NA,Draft,35,19,1,0,0,1.8421052631578947
Hayden Wesneski,42996,11,0,1,6,FALSE,NA,NA,Draft,5,1,0,1,0,5
Hunter Brown,4717803,12,0,1,82,FALSE,NA,NA,Draft,178.5,12,0,1,0,14.875
Hunter Greene,39635,13,0,1,82,FALSE,NA,NA,Draft,196,13,0,1,0,15.076923076923077
Hunter Renfroe,33205,9,0,1,82,FALSE,NA,NA,Draft,160.5,66,1,0,0,2.4318181818181817
Ian Happ,34945,5,0,1,82,FALSE,NA,NA,Draft,175.5,70,1,0,0,2.507142857142857
Isaac Paredes,39706,4,0,1,82,FALSE,NA,NA,Draft,163.5,59,1,0,0,2.7711864406779663
J.D. Martinez,31065,1,0,1,82,FALSE,NA,NA,Draft,179.5,54,1,0,0,3.324074074074074
J.T. Realmuto,32177,9,0,1,82,FALSE,NA,NA,Draft,167.5,64,1,0,0,2.6171875
Jack Flaherty,33837,9,0,1,10,FALSE,NA,NA,Draft,0,0,0,1,0,0
Jacob deGrom,32796,13,0,1,70,FALSE,NA,NA,Draft,111.5,6,0,1,0,18.583333333333332
Jake Cronenworth,36364,7,0,1,82,FALSE,NA,NA,Draft,129.5,69,1,0,0,1.8768115942028984
Jake McCarthy,41197,2,0,1,23,FALSE,NA,NA,Draft,19,18,1,0,0,1.0555555555555556
James Karinchak,40715,13,0,1,11,TRUE,NA,NA,Draft,10,5,0,0,1,2
Jameson Taillon,31258,5,0,1,82,FALSE,NA,NA,Draft,56,12,0,1,0,4.666666666666667
Jarred Kelenic,41150,6,0,1,6,FALSE,NA,NA,Draft,0.5,2,1,0,0,0.25
Jason Adam,32145,2,0,1,20,TRUE,NA,NA,Draft,18.5,5,0,0,1,3.7
Javier Baez,32127,14,0,1,6,FALSE,NA,NA,Draft,0.5,3,1,0,0,0.16666666666666666
Jazz Chisholm Jr.,41433,8,0,1,82,FALSE,NA,NA,Draft,87.5,39,1,0,0,2.2435897435897436
Jean Segura,31037,7,0,1,7,FALSE,NA,NA,Draft,-3,6,1,0,0,-0.5
Jeff McNeil,33900,5,0,1,82,FALSE,NA,NA,Draft,153.5,71,1,0,0,2.1619718309859155
Jeffrey Springs,35397,4,0,1,20,TRUE,NA,NA,Draft,74,3,0,1,0,24.666666666666668
Jeremy Pena,41273,6,0,1,12,FALSE,NA,NA,Draft,31.5,11,1,0,0,2.8636363636363638
Jesse Winker,32833,1,0,1,26,FALSE,NA,NA,Draft,20.5,10,1,0,0,2.05
Jesus Luzardo,39667,8,0,1,82,FALSE,NA,NA,Draft,185.5,13,0,1,0,14.26923076923077
Jhoan Duran,41109,6,0,1,11,TRUE,NA,NA,Draft,16,3,0,0,1,5.333333333333333
Joc Pederson,31392,13,0,1,16,FALSE,NA,NA,Draft,21.5,9,1,0,0,2.388888888888889
Joe Musgrove,34848,2,0,1,82,FALSE,NA,NA,Draft,113.5,10,0,1,0,11.35
Joe Ryan,42450,7,0,1,82,FALSE,NA,NA,Draft,256,14,0,1,0,18.285714285714285
Joey Gallo,32818,9,0,1,65,FALSE,NA,NA,Draft,85,41,1,0,0,2.073170731707317
Joey Meneses,34534,13,0,1,31,FALSE,NA,NA,Draft,29,22,1,0,0,1.3181818181818181
Joey Wendle,33017,5,0,1,26,FALSE,NA,NA,Draft,0,3,1,0,0,0
John Schreiber,39949,4,0,1,12,TRUE,NA,NA,Draft,19,5,0,0,1,3.8
Jon Berti,32273,2,0,1,1,FALSE,NA,NA,Draft,-0.5,1,1,0,0,-0.5
Jon Gray,33203,13,0,1,82,FALSE,NA,NA,Draft,211,13,0,1,0,16.23076923076923
Jonathan India,41171,2,0,1,82,FALSE,NA,NA,Draft,220.5,72,1,0,0,3.0625
Jordan Montgomery,38173,4,0,1,82,FALSE,NA,NA,Draft,163,13,0,1,0,12.538461538461538
Jordan Romano,36380,5,0,1,82,TRUE,NA,NA,Draft,133.5,30,0,0,1,4.45
Jordan Walker,4684778,14,0,1,28,FALSE,NA,NA,Draft,43,19,1,0,0,2.263157894736842
Jorge Lopez,33833,1,0,1,19,TRUE,NA,NA,Draft,34.5,7,0,0,1,4.928571428571429
Jorge Polanco,32525,2,0,1,74,FALSE,NA,NA,Draft,71.5,30,1,0,0,2.3833333333333333
Jorge Soler,32558,14,0,1,6,FALSE,NA,NA,Draft,11.5,6,1,0,0,1.9166666666666667
Jose Abreu,33095,5,0,1,82,FALSE,NA,NA,Draft,111.5,70,1,0,0,1.5928571428571427
Jose Altuve,31662,5,0,1,82,FALSE,NA,NA,Draft,64.5,21,1,0,0,3.0714285714285716
Jose Berrios,32811,14,0,1,82,FALSE,NA,NA,Draft,162.5,11,0,1,0,14.772727272727273
Jose Leclerc,33926,4,0,1,33,TRUE,NA,NA,Draft,27.5,10,0,0,1,2.75
Jose Miranda,41000,4,0,1,52,FALSE,NA,NA,Draft,51.5,32,1,0,0,1.609375
Jose Quintana,32106,1,0,1,3,FALSE,NA,NA,Draft,0,0,NA,NA,NA,0
Jose Ramirez,32801,5,0,1,82,FALSE,NA,NA,Draft,223,66,1,0,0,3.378787878787879
Jose Urquidy,35759,14,0,1,3,FALSE,NA,NA,Draft,0,0,0,1,0,0
Josh Bell,32517,14,0,1,79,FALSE,NA,NA,Draft,115,57,1,0,0,2.017543859649123
Josh Donaldson,29563,9,0,1,7,FALSE,NA,NA,Draft,6,5,1,0,0,1.2
Josh Hader,32760,14,0,1,82,TRUE,NA,NA,Draft,146,29,0,0,1,5.0344827586206895
Josh Naylor,35066,12,0,1,82,FALSE,NA,NA,Draft,174,61,1,0,0,2.8524590163934427
Josh Rojas,40718,11,0,1,56,FALSE,NA,NA,Draft,88,39,1,0,0,2.2564102564102564
Juan Soto,36969,1,0,1,82,FALSE,NA,NA,Draft,219.5,71,1,0,0,3.091549295774648
Julio Rodriguez,41044,9,0,1,82,FALSE,NA,NA,Draft,184.5,67,1,0,0,2.753731343283582
Julio Urias,33223,9,0,1,82,FALSE,NA,NA,Draft,111,9,0,1,0,12.333333333333334
Jurickson Profar,31117,1,0,1,5,FALSE,NA,NA,Draft,0.5,1,1,0,0,0.5
Justin Steele,41022,8,0,1,82,FALSE,NA,NA,Draft,194,12,0,1,0,16.166666666666668
Justin Turner,29607,5,0,1,82,FALSE,NA,NA,Draft,201,67,1,0,0,3
Justin Verlander,6341,8,0,1,82,FALSE,NA,NA,Draft,101,8,0,1,0,12.625
Ke'Bryan Hayes,35020,4,0,1,12,FALSE,NA,NA,Draft,9.5,10,1,0,0,0.95
Keibert Ruiz,38827,13,0,1,82,FALSE,NA,NA,Draft,125.5,57,1,0,0,2.2017543859649122
Kendall Graveman,33636,1,0,1,11,TRUE,NA,NA,Draft,6.5,4,0,0,1,1.625
Kenley Jansen,29630,6,0,1,12,TRUE,NA,NA,Draft,15,3,0,0,1,5
Ketel Marte,32512,13,0,1,82,FALSE,NA,NA,Draft,204,65,1,0,0,3.1384615384615384
Kevin Gausman,32667,14,0,1,82,FALSE,NA,NA,Draft,298,15,0,1,0,19.866666666666667
Kodai Senga,4142421,1,0,1,82,FALSE,NA,NA,Draft,170,11,0,1,0,15.454545454545455
Kris Bryant,33172,7,0,1,82,FALSE,NA,NA,Draft,101,48,1,0,0,2.1041666666666665
Kyle Finnegan,36543,4,0,1,3,TRUE,NA,NA,Draft,-3,1,0,0,1,-3
Kyle Schwarber,33712,11,0,1,82,FALSE,NA,NA,Draft,206,72,1,0,0,2.861111111111111
Kyle Tucker,34967,6,0,1,12,FALSE,NA,NA,Draft,42.5,11,1,0,0,3.8636363636363638
Kyle Wright,39652,14,0,1,63,FALSE,NA,NA,Draft,8.5,4,0,1,0,2.125
Lance Lynn,30820,1,0,1,11,FALSE,NA,NA,Draft,5,2,0,1,0,2.5
Lance McCullers Jr.,32764,4,0,1,77,FALSE,NA,NA,Draft,0,0,NA,NA,NA,0
Lane Thomas,36409,4,0,1,5,FALSE,NA,NA,Draft,6.5,4,1,0,0,1.625
Lars Nootbaar,4448736,9,0,1,82,FALSE,NA,NA,Draft,120,42,1,0,0,2.857142857142857
Liam Hendriks,31755,6,0,1,74,TRUE,NA,NA,Draft,7.5,4,0,0,1,1.875
Logan Gilbert,41221,12,0,1,82,FALSE,NA,NA,Draft,210.5,13,0,1,0,16.192307692307693
Logan Webb,41216,4,0,1,82,FALSE,NA,NA,Draft,277,15,0,1,0,18.466666666666665
Lourdes Gurriel Jr.,36040,2,0,1,2,FALSE,NA,NA,Draft,0.5,1,1,0,0,0.5
Lucas Giolito,32697,6,0,1,74,FALSE,NA,NA,Draft,207.5,13,0,1,0,15.961538461538462
Luis Arraez,39572,11,0,1,82,FALSE,NA,NA,Draft,192.5,65,1,0,0,2.9615384615384617
Luis Castillo,35124,12,0,1,82,FALSE,NA,NA,Draft,254.5,14,0,1,0,18.178571428571427
Luis Garcia,40459,5,0,1,82,FALSE,NA,NA,Draft,128,55,1,0,0,2.327272727272727
Luis Garcia,4684365,7,0,1,38,FALSE,NA,NA,Draft,40.5,5,0,1,0,8.1
Luis Robert Jr.,39631,12,0,1,82,FALSE,NA,NA,Draft,194.5,70,1,0,0,2.7785714285714285
Luis Severino,33263,9,0,1,78,FALSE,NA,NA,Draft,18.5,4,0,1,0,4.625
Luis Urias,35383,4,0,1,2,FALSE,NA,NA,Draft,0,1,1,0,0,0
MJ Melendez,40948,5,0,1,82,FALSE,NA,NA,Draft,127.5,66,1,0,0,1.9318181818181819
Manny Machado,31097,12,0,1,82,FALSE,NA,NA,Draft,117,55,1,0,0,2.1272727272727274
Manuel Margot,33599,2,0,1,32,FALSE,NA,NA,Draft,44,25,1,0,0,1.76
Marcus Semien,32146,4,0,1,82,FALSE,NA,NA,Draft,258.5,71,1,0,0,3.640845070422535
Marcus Stroman,32815,9,0,1,82,FALSE,NA,NA,Draft,250,14,0,1,0,17.857142857142858
Mark Canha,31670,7,0,1,16,FALSE,NA,NA,Draft,13.5,12,1,0,0,1.125
Martin Perez,31098,13,0,1,82,FALSE,NA,NA,Draft,132.5,14,0,1,0,9.464285714285714
Masataka Yoshida,4872598,12,0,1,82,FALSE,NA,NA,Draft,196,62,1,0,0,3.161290322580645
Matt Carpenter,31015,11,0,1,35,FALSE,NA,NA,Draft,51.5,19,1,0,0,2.710526315789474
Matt Chapman,33857,1,0,1,82,FALSE,NA,NA,Draft,173.5,70,1,0,0,2.4785714285714286
Matt Olson,32767,12,0,1,82,FALSE,NA,NA,Draft,230.5,72,1,0,0,3.201388888888889
Matthew Boyd,34401,11,0,1,6,TRUE,NA,NA,Draft,0,0,0,1,0,0
Max Fried,32685,8,0,1,82,FALSE,NA,NA,Draft,82,5,0,1,0,16.4
Max Kepler,31870,6,0,1,10,FALSE,NA,NA,Draft,7,4,1,0,0,1.75
Max Muncy,33303,4,0,1,82,FALSE,NA,NA,Draft,177,60,1,0,0,2.95
Max Scherzer,28976,11,0,1,82,FALSE,NA,NA,Draft,129,11,0,1,0,11.727272727272727
Merrill Kelly,32968,12,0,1,82,FALSE,NA,NA,Draft,247.5,14,0,1,0,17.678571428571427
Michael Conforto,33711,7,0,1,32,FALSE,NA,NA,Draft,33.5,18,1,0,0,1.8611111111111112
Michael Harris II,42470,4,0,1,82,FALSE,NA,NA,Draft,109,50,1,0,0,2.18
Michael King,40429,6,0,1,82,TRUE,NA,NA,Draft,104.5,23,0,0,1,4.543478260869565
Michael Kopech,33763,4,0,1,5,FALSE,NA,NA,Draft,-4.5,1,0,1,0,-4.5
Miguel Vargas,42453,6,0,1,82,FALSE,NA,NA,Draft,136.5,65,1,0,0,2.1
Mike Trout,30836,1,0,1,82,FALSE,NA,NA,Draft,210,68,1,0,0,3.088235294117647
Mike Yastrzemski,33341,12,0,1,63,FALSE,NA,NA,Draft,92,33,1,0,0,2.787878787878788
Miles Mikolas,32116,7,0,1,19,FALSE,NA,NA,Draft,9,3,0,1,0,3
Mitch Haniger,32771,7,0,1,47,FALSE,NA,NA,Draft,24.5,15,1,0,0,1.6333333333333333
Mookie Betts,33039,4,0,1,82,FALSE,NA,NA,Draft,254,69,1,0,0,3.681159420289855
Nathan Eovaldi,31174,5,0,1,82,FALSE,NA,NA,Draft,295,14,0,1,0,21.071428571428573
Nathaniel Lowe,40538,9,0,1,82,FALSE,NA,NA,Draft,200.5,70,1,0,0,2.8642857142857143
Nestor Cortes,36480,7,0,1,82,FALSE,NA,NA,Draft,100.5,9,0,1,0,11.166666666666666
Nick Castellanos,31187,12,0,1,82,FALSE,NA,NA,Draft,210.5,70,1,0,0,3.007142857142857
Nick Lodolo,42433,13,0,1,39,FALSE,NA,NA,Draft,48.5,7,0,1,0,6.928571428571429
Nico Hoerner,41219,9,0,1,82,FALSE,NA,NA,Draft,180.5,63,1,0,0,2.865079365079365
Nolan Arenado,31261,9,0,1,82,FALSE,NA,NA,Draft,191,69,1,0,0,2.7681159420289854
Oneil Cruz,39712,11,0,1,82,FALSE,NA,NA,Draft,28,9,1,0,0,3.111111111111111
Oscar Colas,4987420,1,0,1,16,FALSE,NA,NA,Draft,5.5,8,1,0,0,0.6875
Oscar Gonzalez,39400,4,0,1,6,FALSE,NA,NA,Draft,5.5,4,1,0,0,1.375
Oswaldo Cabrera,40835,11,0,1,23,FALSE,NA,NA,Draft,8,13,1,0,0,0.6153846153846154
Ozzie Albies,33783,1,0,1,82,FALSE,NA,NA,Draft,224,72,1,0,0,3.111111111111111
Pablo Lopez,39671,7,0,1,82,FALSE,NA,NA,Draft,228.5,14,0,1,0,16.321428571428573
Patrick Sandoval,40975,9,0,1,34,FALSE,NA,NA,Draft,72.5,5,0,1,0,14.5
Paul Goldschmidt,31027,4,0,1,82,FALSE,NA,NA,Draft,219,70,1,0,0,3.1285714285714286
Paul Sewald,35009,9,0,1,82,TRUE,NA,NA,Draft,121.5,30,0,0,1,4.05
Pete Alonso,37498,2,0,1,82,FALSE,NA,NA,Draft,211.5,63,1,0,0,3.357142857142857
Pete Fairbanks,42180,2,0,1,35,TRUE,NA,NA,Draft,34,8,0,0,1,4.25
Rafael Devers,33859,8,0,1,82,FALSE,NA,NA,Draft,202.5,68,1,0,0,2.9779411764705883
Rafael Montero,32631,7,0,1,20,TRUE,NA,NA,Draft,21,8,0,0,1,2.625
Raisel Iglesias,33618,4,0,1,82,TRUE,NA,NA,Draft,62,19,0,0,1,3.263157894736842
Ramon Laureano,35142,13,0,1,16,FALSE,NA,NA,Draft,18,11,1,0,0,1.6363636363636365
Randy Arozarena,36488,5,0,1,82,FALSE,NA,NA,Draft,226.5,71,1,0,0,3.1901408450704225
Reid Detmers,4326697,8,0,1,65,FALSE,NA,NA,Draft,53,5,0,1,0,10.6
Riley Greene,42179,9,0,1,23,FALSE,NA,NA,Draft,36,17,1,0,0,2.1176470588235294
Robbie Ray,32175,14,0,1,28,FALSE,NA,NA,Draft,0,1,0,1,0,0
Ronald Acuna Jr.,36185,1,0,1,82,FALSE,NA,NA,Draft,306,72,1,0,0,4.25
Ross Stripling,32789,5,0,1,46,TRUE,NA,NA,Draft,21,7,0,0.42857142857142855,0.5714285714285714,3
Rowdy Tellez,34287,6,0,1,11,FALSE,NA,NA,Draft,13.5,7,1,0,0,1.9285714285714286
Ryan Helsley,39909,2,0,1,76,TRUE,NA,NA,Draft,81,22,0,0,1,3.6818181818181817
Ryan McMahon,33247,12,0,1,4,FALSE,NA,NA,Draft,8,4,1,0,0,2
Ryan Mountcastle,34940,7,0,1,82,FALSE,NA,NA,Draft,149,60,1,0,0,2.4833333333333334
Ryan Pressly,33072,14,0,1,82,TRUE,NA,NA,Draft,95.5,29,0,0,1,3.293103448275862
Salvador Perez,31127,6,0,1,82,FALSE,NA,NA,Draft,166.5,64,1,0,0,2.6015625
Sandy Alcantara,35241,9,0,1,82,FALSE,NA,NA,Draft,162.5,13,0,1,0,12.5
Scott Barlow,32156,14,0,1,8,TRUE,NA,NA,Draft,6.5,2,0,0,1,3.25
Sean Manaea,33244,12,0,1,5,FALSE,NA,NA,Draft,0,0,0,0,1,0
Sean Murphy,33557,1,0,1,7,FALSE,NA,NA,Draft,0.5,3,1,0,0,0.16666666666666666
Seiya Suzuki,4142424,13,0,1,82,FALSE,NA,NA,Draft,119,54,1,0,0,2.2037037037037037
Seranthony Dominguez,37793,12,0,1,3,TRUE,NA,NA,Draft,-12,1,0,0,1,-12
Seth Brown,35676,8,0,1,11,FALSE,NA,NA,Draft,15,8,1,0,0,1.875
Shane Bieber,40912,11,0,1,82,FALSE,NA,NA,Draft,227.5,15,0,1,0,15.166666666666666
Shane McClanahan,41199,2,0,1,82,FALSE,NA,NA,Draft,296,15,0,1,0,19.733333333333334
Shintaro Fujinami,4142398,13,0,1,10,FALSE,NA,NA,Draft,-13,2,0,1,0,-6.5
Shohei Ohtani,39832,2,0,1,82,FALSE,NA,NA,Draft,302,30,0.6333333333333333,0.36666666666666664,5.551115123125783e-17,10.066666666666666
Sonny Gray,32082,9,0,1,82,FALSE,NA,NA,Draft,149.5,12,0,1,0,12.458333333333334
Spencer Strider,4307825,7,0,1,82,TRUE,NA,NA,Draft,246,14,0,1,0,17.571428571428573
Spencer Torkelson,4424286,2,0,1,17,FALSE,NA,NA,Draft,20,11,1,0,0,1.8181818181818181
Starling Marte,30830,8,0,1,82,FALSE,NA,NA,Draft,133,64,1,0,0,2.078125
Steven Kwan,41996,14,0,1,82,FALSE,NA,NA,Draft,194,71,1,0,0,2.732394366197183
Taylor Ward,34923,11,0,1,82,FALSE,NA,NA,Draft,163.5,66,1,0,0,2.477272727272727
Teoscar Hernandez,33377,8,0,1,82,FALSE,NA,NA,Draft,158.5,70,1,0,0,2.2642857142857142
Thairo Estrada,36485,8,0,1,82,FALSE,NA,NA,Draft,170.5,57,1,0,0,2.991228070175439
Tim Anderson,33184,13,0,1,82,FALSE,NA,NA,Draft,66,47,1,0,0,1.4042553191489362
Tommy Edman,39907,11,0,1,82,FALSE,NA,NA,Draft,154.5,68,1,0,0,2.2720588235294117
Tony Gonsolin,38958,12,0,1,82,FALSE,NA,NA,Draft,97.5,7,0,1,0,13.928571428571429
Trea Turner,33710,8,0,1,82,FALSE,NA,NA,Draft,166,71,1,0,0,2.3380281690140845
Trevor Rogers,39640,14,0,1,11,FALSE,NA,NA,Draft,12.5,2,0,1,0,6.25
Trey Mancini,33351,2,0,1,7,FALSE,NA,NA,Draft,7.5,5,1,0,0,1.5
Triston Casas,41180,5,0,1,82,FALSE,NA,NA,Draft,78,42,1,0,0,1.8571428571428572
Triston McKenzie,34954,11,0,1,82,FALSE,NA,NA,Draft,1,1,0,1,0,1
Ty France,35591,2,0,1,82,FALSE,NA,NA,Draft,177,69,1,0,0,2.5652173913043477
Tyler Anderson,32151,7,0,1,39,FALSE,NA,NA,Draft,11.5,3,0,1,0,3.8333333333333335
Tyler Glasnow,33190,2,0,1,82,FALSE,NA,NA,Draft,55.5,4,0,1,0,13.875
Tyler Mahle,34973,12,0,1,33,FALSE,NA,NA,Draft,59,4,0,1,0,14.75
Tyler O'Neill,34168,8,0,1,39,FALSE,NA,NA,Draft,38,28,1,0,0,1.3571428571428572
Tyler Stephenson,34975,14,0,1,21,FALSE,NA,NA,Draft,26,14,1,0,0,1.8571428571428572
Vaughn Grissom,42503,7,0,1,26,FALSE,NA,NA,Draft,4.5,4,1,0,0,1.125
Vinnie Pasquantino,4109109,14,0,1,77,FALSE,NA,NA,Draft,153.5,61,1,0,0,2.5163934426229506
Vladimir Guerrero Jr.,35002,13,0,1,82,FALSE,NA,NA,Draft,182,69,1,0,0,2.63768115942029
Wander Franco,40929,2,0,1,82,FALSE,NA,NA,Draft,210.5,70,1,0,0,3.007142857142857
Whit Merrifield,32422,11,0,1,82,FALSE,NA,NA,Draft,155,66,1,0,0,2.3484848484848486
Wil Myers,31265,8,0,1,9,FALSE,NA,NA,Draft,0,0,1,0,0,0
Will Smith,38309,8,0,1,82,FALSE,NA,NA,Draft,183.5,52,1,0,0,3.5288461538461537
William Contreras,39895,11,0,1,39,FALSE,NA,NA,Draft,57.5,27,1,0,0,2.1296296296296298
Willson Contreras,32532,7,0,1,82,FALSE,NA,NA,Draft,125.5,62,1,0,0,2.024193548387097
Willy Adames,33675,1,0,1,82,FALSE,NA,NA,Draft,115,60,1,0,0,1.9166666666666667
Wilmer Flores,30627,11,0,1,57,FALSE,NA,NA,Draft,71.5,38,1,0,0,1.881578947368421
Xander Bogaerts,31606,6,0,1,82,FALSE,NA,NA,Draft,163.5,65,1,0,0,2.5153846153846153
Yandy Diaz,33481,2,0,1,82,FALSE,NA,NA,Draft,206.5,61,1,0,0,3.3852459016393444
Yoan Moncada,33984,13,0,1,82,FALSE,NA,NA,Draft,66.5,35,1,0,0,1.9
Yordan Alvarez,36018,7,0,1,82,FALSE,NA,NA,Draft,216.5,57,1,0,0,3.7982456140350878
Yu Darvish,32055,5,0,1,82,FALSE,NA,NA,Draft,178,12,0,1,0,14.833333333333334
Yusei Kikuchi,41415,6,0,1,3,TRUE,NA,NA,Draft,0,0,NA,NA,NA,0
Zac Gallen,39910,5,0,1,82,FALSE,NA,NA,Draft,262,15,0,1,0,17.466666666666665
Zack Wheeler,31267,6,0,1,82,FALSE,NA,NA,Draft,225,14,0,1,0,16.071428571428573
Carlos Carrasco,28968,8,0,2,7,FALSE,NA,NA,Free Agent,0,1,0,1,0,0
James Outman,41802,7,0,2,82,FALSE,NA,NA,Free Agent,136,63,1,0,0,2.1587301587301586
Kolten Wong,32061,2,0,2,4,FALSE,NA,NA,Free Agent,4,3,1,0,0,1.3333333333333333
Adam Frazier,33546,4,0,3,13,FALSE,NA,NA,Free Agent,19.5,10,1,0,0,1.95
Cole Irvin,39869,2,0,3,3,FALSE,NA,NA,Free Agent,0,0,NA,NA,NA,0
Brusdar Graterol,40965,4,0,4,10,TRUE,NA,NA,Free Agent,2,4,0,0,1,0.5
Dylan Floro,33852,13,0,4,28,TRUE,NA,NA,Free Agent,32.5,9,0,0,1,3.611111111111111
Ji Hwan Bae,40896,2,0,4,4,FALSE,NA,NA,Free Agent,-0.5,1,1,0,0,-0.5
Jonathan Loaisiga,39807,6,0,4,5,TRUE,NA,NA,Free Agent,4,1,0,0,1,4
Jorge Mateo,33832,14,0,4,64,FALSE,NA,NA,Free Agent,93,45,1,0,0,2.066666666666667
Marcell Ozuna,31668,12,0,4,6,FALSE,NA,NA,Free Agent,-0.5,1,1,0,0,-0.5
Orlando Arcia,32530,12,0,4,4,FALSE,NA,NA,Free Agent,-1,1,1,0,0,-1
Reynaldo Lopez,33860,12,0,4,9,TRUE,NA,NA,Free Agent,-1,2,0,0,1,-0.5
Steven Matz,33106,6,0,4,6,FALSE,NA,NA,Free Agent,0,0,0,1,0,0
Travis d'Arnaud,29951,14,0,4,4,FALSE,NA,NA,Free Agent,0,0,1,0,0,0
Trayce Thompson,30743,1,0,4,8,FALSE,NA,NA,Free Agent,-0.5,3,1,0,0,-0.16666666666666666
Brandon Crawford,30469,2,0,5,5,FALSE,NA,NA,Free Agent,1,1,1,0,0,1
Enrique Hernandez,31358,12,1,5,8,FALSE,NA,NA,Free Agent,-2,4,1,0,0,-0.5
Jhony Brito,42864,2,0,5,7,FALSE,NA,NA,Free Agent,0,0,NA,NA,NA,0
Jose Siri,33954,14,0,5,10,FALSE,NA,NA,Free Agent,14.5,3,1,0,0,4.833333333333333
Nolan Gorman,41174,12,0,5,12,FALSE,NA,NA,Free Agent,7.5,5,1,0,0,1.5
Ron Marinaccio,4228723,9,0,5,48,TRUE,NA,NA,Free Agent,26,16,0,0,1,1.625
Esteury Ruiz,39680,4,0,6,12,FALSE,NA,NA,Free Agent,9,6,1,0,0,1.5
Michael Brantley,30043,12,0,6,10,FALSE,NA,NA,Free Agent,0,0,NA,NA,NA,0
Nick Pivetta,36071,2,0,6,6,FALSE,NA,NA,Free Agent,14.5,1,0,1,0,14.5
Noah Syndergaard,31730,1,0,6,14,FALSE,NA,NA,Free Agent,0,0,NA,NA,NA,0
Trevor Stephan,41003,1,0,6,8,TRUE,NA,NA,Free Agent,2.5,1,0,0,1,2.5
Yusei Kikuchi,41415,6,1,6,11,TRUE,NA,NA,Free Agent,11,1,0,1,0,11
Zach Eflin,32804,4,0,6,12,FALSE,NA,NA,Free Agent,15,1,0,1,0,15
Brian Anderson,33776,14,0,7,65,FALSE,NA,NA,Free Agent,88,48,1,0,0,1.8333333333333333
Bryson Stott,42417,2,0,7,7,FALSE,NA,NA,Free Agent,2.5,1,1,0,0,2.5
Corey Kluber,30981,11,0,7,7,FALSE,NA,NA,Free Agent,11.5,1,0,1,0,11.5
Dylan Carlson,39226,6,0,7,7,FALSE,NA,NA,Free Agent,3,1,1,0,0,3
Grayson Rodriguez,41196,4,0,7,37,FALSE,NA,NA,Free Agent,49.5,6,0,1,0,8.25
Josh Jung,42437,6,0,7,82,FALSE,NA,NA,Free Agent,186.5,60,1,0,0,3.1083333333333334
Kyle Freeland,33839,11,0,7,66,FALSE,NA,NA,Free Agent,108.5,11,0,1,0,9.863636363636363
Orlando Arcia,32530,12,1,7,15,FALSE,NA,NA,Free Agent,23.5,8,1,0,0,2.9375
Travis d'Arnaud,29951,14,1,7,11,FALSE,NA,NA,Free Agent,0,2,1,0,0,0
Aaron Civale,40934,8,0,8,9,FALSE,NA,NA,Free Agent,4,1,0,1,0,4
Brice Turang,41179,7,0,8,14,FALSE,NA,NA,Free Agent,2.5,6,1,0,0,0.4166666666666667
Ezequiel Tovar,4905919,2,1,8,8,FALSE,NA,NA,Free Agent,2.5,1,1,0,0,2.5
Jurickson Profar,31117,6,1,8,10,FALSE,NA,NA,Free Agent,3.5,3,1,0,0,1.1666666666666667
Logan O'Hoppe,42047,1,0,8,11,FALSE,NA,NA,Free Agent,5.5,2,1,0,0,2.75
Michael Kopech,33763,11,1,8,29,FALSE,NA,NA,Free Agent,22.5,1,0,1,0,22.5
Patrick Wisdom,32861,9,0,8,77,FALSE,NA,NA,Free Agent,95,51,1,0,0,1.8627450980392157
Seth Lugo,34873,2,0,8,52,TRUE,NA,NA,Free Agent,69.5,7,0,1,0,9.928571428571429
Trent Grisham,34995,2,0,8,8,FALSE,NA,NA,Free Agent,0.5,1,1,0,0,0.5
Clarke Schmidt,41085,1,1,9,10,TRUE,NA,NA,Free Agent,-1.5,1,0,1,0,-1.5
Francisco Alvarez,41253,14,0,9,12,FALSE,NA,NA,Free Agent,0,0,1,0,0,0
Garrett Mitchell,4313442,12,0,9,11,FALSE,NA,NA,Free Agent,1.5,2,1,0,0,0.75
Jorge Soler,32558,1,1,9,11,FALSE,NA,NA,Free Agent,1.5,2,1,0,0,0.75
Jose Urquidy,35759,11,1,9,9,FALSE,NA,NA,Free Agent,12.5,1,0,1,0,12.5
Mike Clevinger,32769,2,0,9,10,FALSE,NA,NA,Free Agent,0,1,0,1,0,0
Myles Straw,39105,2,0,9,16,FALSE,NA,NA,Free Agent,7.5,6,1,0,0,1.25
Anthony DeSclafani,33180,8,0,10,58,FALSE,NA,NA,Free Agent,106,7,0,1,0,15.142857142857142
Austin Gomber,34897,8,0,10,14,TRUE,NA,NA,Free Agent,1.5,1,0,1,0,1.5
Scott Barlow,32156,12,1,10,18,TRUE,NA,NA,Free Agent,-4,3,0,0,1,-1.3333333333333333
Sean Manaea,33244,11,1,10,23,FALSE,NA,NA,Free Agent,3,2,0,1,0,1.5
Carlos Carrasco,28968,13,1,11,11,FALSE,NA,NA,Free Agent,-4.5,1,0,1,0,-4.5
Craig Kimbrel,30653,13,1,11,11,TRUE,NA,NA,Free Agent,1.5,1,0,0,1,1.5
Giovanny Gallegos,36050,6,1,11,35,TRUE,NA,NA,Free Agent,19,8,0,0,1,2.375
Jason Heyward,29551,9,0,11,20,FALSE,NA,NA,Free Agent,-2.5,2,1,0,0,-1.25
Jhony Brito,42864,1,1,11,12,FALSE,NA,NA,Free Agent,0,0,NA,NA,NA,0
Joey Wiemer,4417134,2,0,11,15,FALSE,NA,NA,Free Agent,3,5,1,0,0,0.6
Jose Alvarado,36063,12,0,11,42,TRUE,NA,NA,Free Agent,44,10,0,0,1,4.4
Luis Rengifo,37237,2,0,11,14,FALSE,NA,NA,Free Agent,0.5,4,1,0,0,0.125
Oscar Gonzalez,39400,14,1,11,12,FALSE,NA,NA,Free Agent,0,1,1,0,0,0
Taijuan Walker,31864,11,0,11,11,FALSE,NA,NA,Free Agent,8.5,1,0,1,0,8.5
Trevor Larnach,41205,4,0,11,12,FALSE,NA,NA,Free Agent,0,1,1,0,0,0
Trey Mancini,33351,6,1,11,18,FALSE,NA,NA,Free Agent,7.5,6,1,0,0,1.25
Adam Ottavino,29705,13,1,12,35,TRUE,NA,NA,Free Agent,25.5,8,0,0,1,3.1875
Brooks Raley,32005,13,0,12,12,TRUE,NA,NA,Free Agent,0,0,NA,NA,NA,0
Bryce Elder,4301067,14,0,12,82,FALSE,NA,NA,Free Agent,194.5,13,0,1,0,14.961538461538462
Chas McCormick,40574,12,0,12,16,FALSE,NA,NA,Free Agent,13,4,1,0,0,3.25
Garrett Cooper,33398,8,0,12,42,FALSE,NA,NA,Free Agent,12,15,1,0,0,0.8
Hector Neris,32377,11,0,12,12,TRUE,NA,NA,Free Agent,0,0,NA,NA,NA,0
Jhoan Duran,41109,1,1,12,82,TRUE,6,1,Trade,99,22,0,0,1,4.5
Jose Urquidy,35759,13,2,12,14,FALSE,NA,NA,Free Agent,21.5,1,0,1,0,21.5
Jurickson Profar,31117,6,2,12,82,FALSE,NA,NA,Free Agent,138,58,1,0,0,2.3793103448275863
Kendall Graveman,33636,6,1,12,31,TRUE,1,1,Trade,21.5,7,0,0,1,3.0714285714285716
Lance Lynn,30820,6,1,12,82,FALSE,1,1,Trade,122.5,12,0,1,0,10.208333333333334
MacKenzie Gore,39636,14,0,12,82,FALSE,NA,NA,Free Agent,138.5,11,0,1,0,12.590909090909092
Mitch Keller,33722,1,0,12,74,FALSE,NA,NA,Free Agent,217,11,0,1,0,19.727272727272727
Pierce Johnson,32777,1,0,12,21,TRUE,NA,NA,Free Agent,0,3,0,0,1,0
Rowdy Tellez,34287,1,1,12,82,FALSE,6,1,Trade,111,57,1,0,0,1.9473684210526316
Ryan McMahon,33247,6,1,12,41,FALSE,NA,NA,Free Agent,42,26,1,0,0,1.6153846153846154
Sean Murphy,33557,1,1,12,82,FALSE,NA,NA,Free Agent,162,50,1,0,0,3.24
Aaron Nola,33709,6,1,13,82,FALSE,4,2,Trade,208,13,0,1,0,16
Alex Call,38994,14,0,13,13,FALSE,NA,NA,Free Agent,0,0,1,0,0,0
Bryson Stott,42417,13,1,13,25,FALSE,NA,NA,Free Agent,34,12,1,0,0,2.8333333333333335
Jarred Kelenic,41150,4,1,13,82,FALSE,NA,NA,Free Agent,131.5,54,1,0,0,2.435185185185185
Jeremy Pena,41273,4,1,13,82,FALSE,6,2,Trade,119,54,1,0,0,2.2037037037037037
John Schreiber,39949,6,1,13,14,TRUE,4,2,Trade,4.5,1,0,0,1,4.5
Kenley Jansen,29630,4,1,13,82,TRUE,6,2,Trade,79.5,21,0,0,1,3.7857142857142856
Kyle Gibson,31053,1,0,13,19,FALSE,NA,NA,Free Agent,1,1,0,1,0,1
Kyle Tucker,34967,4,1,13,82,FALSE,6,2,Trade,166.5,59,1,0,0,2.8220338983050848
Lane Thomas,36409,14,1,13,15,FALSE,NA,NA,Free Agent,-1,2,1,0,0,-0.5
Logan O'Hoppe,42047,14,1,13,23,FALSE,NA,NA,Free Agent,14.5,8,1,0,0,1.8125
Michael Brantley,30043,6,1,13,14,FALSE,NA,NA,Free Agent,0,0,NA,NA,NA,0
Nick Pivetta,36071,11,1,13,17,FALSE,NA,NA,Free Agent,-3,1,0,1,0,-3
Trent Grisham,34995,12,1,13,14,FALSE,NA,NA,Free Agent,-1.5,1,1,0,0,-1.5
Victor Robles,35042,4,0,13,13,FALSE,NA,NA,Free Agent,-1,1,1,0,0,-1
Will Smith,31549,4,0,13,23,TRUE,NA,NA,Free Agent,15,4,0,0,1,3.75
Brandon Marsh,40803,9,0,14,50,FALSE,NA,NA,Free Agent,60.5,32,1,0,0,1.890625
Edouard Julien,3985190,4,0,14,15,FALSE,NA,NA,Free Agent,9,2,1,0,0,4.5
Franchy Cordero,33340,14,0,14,20,FALSE,NA,NA,Free Agent,5,4,1,0,0,1.25
Garrett Mitchell,4313442,4,1,14,21,FALSE,NA,NA,Free Agent,2,6,1,0,0,0.3333333333333333
Esteury Ruiz,39680,6,1,15,21,FALSE,NA,NA,Free Agent,19.5,7,1,0,0,2.7857142857142856
Jhony Brito,42864,13,2,15,15,FALSE,NA,NA,Free Agent,-18.5,1,0,1,0,-18.5
Josh Lowe,40557,2,0,15,15,FALSE,NA,NA,Free Agent,1.5,1,1,0,0,1.5
Josh Winckowski,4713488,12,0,15,16,TRUE,NA,NA,Free Agent,2,1,0,0,1,2
Kris Bubic,41201,8,0,15,18,FALSE,NA,NA,Free Agent,-2.5,1,0,1,0,-2.5
Michael Wacha,32640,1,0,15,16,FALSE,NA,NA,Free Agent,-10,1,0,1,0,-10
Nolan Gorman,41174,7,1,15,82,FALSE,NA,NA,Free Agent,105,50,1,0,0,2.1
Wandy Peralta,36036,6,0,15,21,TRUE,NA,NA,Free Agent,3.5,2,0,0,1,1.75
Adam Duvall,32664,14,1,16,35,FALSE,NA,NA,Free Agent,0,0,NA,NA,NA,0
Carlos Carrasco,28968,1,2,16,17,FALSE,NA,NA,Free Agent,8,1,0,1,0,8
Marco Gonzales,33158,2,0,16,16,FALSE,NA,NA,Free Agent,0,0,NA,NA,NA,0
Mauricio Dubon,35304,12,0,16,22,FALSE,NA,NA,Free Agent,10,6,1,0,0,1.6666666666666667
Mike Clevinger,32769,13,1,16,17,FALSE,NA,NA,Free Agent,25.5,1,0,1,0,25.5
Taj Bradley,42480,4,0,16,82,FALSE,NA,NA,Free Agent,89,7,0,1,0,12.714285714285714
Trent Grisham,34995,2,2,16,25,FALSE,NA,NA,Free Agent,14.5,9,1,0,0,1.6111111111111112
Adam Frazier,33546,13,1,17,23,FALSE,NA,NA,Free Agent,12.5,4,1,0,0,3.125
Anthony Volpe,42547,14,1,17,39,FALSE,NA,NA,Free Agent,47.5,21,1,0,0,2.261904761904762
Brent Rooker,40926,12,0,17,17,FALSE,NA,NA,Free Agent,1,1,1,0,0,1
Eli Morgan,41324,12,0,17,17,TRUE,NA,NA,Free Agent,2,1,0,0,1,2
Elias Diaz,33594,7,0,17,20,FALSE,NA,NA,Free Agent,2,2,1,0,0,1
Harold Ramirez,33259,1,0,17,31,FALSE,NA,NA,Free Agent,22.5,9,1,0,0,2.5
Johan Oviedo,41405,1,0,17,39,TRUE,NA,NA,Free Agent,11.5,3,0,1,0,3.8333333333333335
Josh Lowe,40557,1,1,17,17,FALSE,NA,NA,Free Agent,0,0,1,0,0,0
Michael Brantley,30043,2,2,17,47,FALSE,NA,NA,Free Agent,0,0,NA,NA,NA,0
Michael Fulmer,34842,13,0,17,17,TRUE,NA,NA,Free Agent,-6,1,0,0,1,-6
Zach Plesac,42169,2,0,17,17,FALSE,NA,NA,Free Agent,6,1,0,1,0,6
Alex Call,38994,2,1,18,25,FALSE,NA,NA,Free Agent,1,2,1,0,0,0.5
Andrew Chafin,32810,1,0,18,74,TRUE,NA,NA,Free Agent,64,22,0,0,1,2.909090909090909
Enrique Hernandez,31358,12,2,18,18,FALSE,NA,NA,Free Agent,0.5,1,1,0,0,0.5
J.D. Davis,33796,12,0,18,25,FALSE,NA,NA,Free Agent,-1,6,1,0,0,-0.16666666666666666
Jack Flaherty,33837,13,1,18,20,FALSE,NA,NA,Free Agent,8.5,1,0,1,0,8.5
Jon Berti,32273,2,1,18,21,FALSE,NA,NA,Free Agent,3.5,3,1,0,0,1.1666666666666667
Myles Straw,39105,13,1,18,19,FALSE,NA,NA,Free Agent,5,1,1,0,0,5
Noah Syndergaard,31730,1,1,18,19,FALSE,NA,NA,Free Agent,0,0,NA,NA,NA,0
Zack Greinke,5883,11,0,18,18,FALSE,NA,NA,Free Agent,12.5,1,0,1,0,12.5
Alex Lange,40976,11,1,19,78,TRUE,NA,NA,Free Agent,90.5,22,0,0,1,4.113636363636363
Brent Rooker,40926,12,1,19,20,FALSE,NA,NA,Free Agent,3,2,1,0,0,1.5
Kutter Crawford,41277,12,0,19,19,TRUE,NA,NA,Free Agent,28,1,0,1,0,28
Lourdes Gurriel Jr.,36040,6,1,19,19,FALSE,NA,NA,Free Agent,2,1,1,0,0,2
Spencer Torkelson,4424286,2,1,19,19,FALSE,NA,NA,Free Agent,0,0,NA,NA,NA,0
Yasmani Grandal,30950,8,0,19,22,FALSE,NA,NA,Free Agent,2.5,3,1,0,0,0.8333333333333334
Brad Keller,35292,1,0,20,20,TRUE,NA,NA,Free Agent,2,1,0,1,0,2
Carlos Santana,30280,2,1,20,62,FALSE,NA,NA,Free Agent,72.5,30,1,0,0,2.4166666666666665
James Karinchak,40715,12,1,20,21,TRUE,NA,NA,Free Agent,3,2,0,0,1,1.5
Joc Pederson,31392,6,1,20,47,FALSE,NA,NA,Free Agent,41,15,1,0,0,2.7333333333333334
Jose Urquidy,35759,7,3,20,20,FALSE,NA,NA,Free Agent,1,1,0,1,0,1
Josh Lowe,40557,1,2,20,74,FALSE,NA,NA,Free Agent,105,35,1,0,0,3
Reynaldo Lopez,33860,13,1,20,20,TRUE,NA,NA,Free Agent,10,1,0,0,1,10
Wade Miley,31094,1,0,20,25,FALSE,NA,NA,Free Agent,0,0,0,1,0,0
Brent Honeywell,33838,13,0,21,25,TRUE,NA,NA,Free Agent,6,2,0,0,1,3
Dylan Lee,41455,7,0,21,31,TRUE,NA,NA,Free Agent,6.5,4,0,0,1,1.625
Jorge Lopez,33833,2,1,21,55,TRUE,NA,NA,Free Agent,27,15,0,0,1,1.8
Jorge Soler,32558,7,2,21,31,FALSE,NA,NA,Free Agent,11.5,8,1,0,0,1.4375
Ke'Bryan Hayes,35020,9,1,21,23,FALSE,NA,NA,Free Agent,5,3,1,0,0,1.6666666666666667
Mike Clevinger,32769,7,2,21,21,FALSE,NA,NA,Free Agent,-2.5,1,0,1,0,-2.5
Miles Mikolas,32116,13,1,21,51,FALSE,NA,NA,Free Agent,44.5,3,0,1,0,14.833333333333334
Myles Straw,39105,14,2,21,27,FALSE,NA,NA,Free Agent,-0.5,6,1,0,0,-0.08333333333333333
Noah Syndergaard,31730,1,2,21,25,FALSE,NA,NA,Free Agent,15,1,0,1,0,15
Taylor Walls,40576,12,0,21,25,FALSE,NA,NA,Free Agent,6,2,1,0,0,3
Zach Eflin,32804,4,1,21,82,FALSE,NA,NA,Free Agent,168.5,10,0,1,0,16.85
Brusdar Graterol,40965,12,1,22,25,TRUE,NA,NA,Free Agent,11,2,0,0,1,5.5
Elias Diaz,33594,14,1,22,82,FALSE,NA,NA,Free Agent,102,46,1,0,0,2.217391304347826
Eric Lauer,39915,7,1,22,29,FALSE,NA,NA,Free Agent,-4,1,0,1,0,-4
John Schreiber,39949,6,2,22,25,TRUE,NA,NA,Free Agent,6,2,0,0,1,3
Lane Thomas,36409,4,2,22,23,FALSE,NA,NA,Free Agent,3,1,1,0,0,3
Lourdes Gurriel Jr.,36040,6,2,22,25,FALSE,NA,NA,Free Agent,7,3,1,0,0,2.3333333333333335
TJ Friedl,36020,2,0,22,22,FALSE,NA,NA,Free Agent,1,1,1,0,0,1
Enrique Hernandez,31358,2,3,23,34,FALSE,NA,NA,Free Agent,11.5,9,1,0,0,1.2777777777777777
Jack Suwinski,36754,12,0,23,70,FALSE,NA,NA,Free Agent,78.5,36,1,0,0,2.1805555555555554
Kyle Gibson,31053,8,1,23,24,FALSE,NA,NA,Free Agent,0,0,0,1,0,0
CJ Abrams,42402,14,1,24,25,FALSE,NA,NA,Free Agent,7.5,1,1,0,0,7.5
Connor Joe,35440,13,0,24,64,FALSE,NA,NA,Free Agent,45.5,26,1,0,0,1.75
Geraldo Perdomo,41355,9,0,24,50,FALSE,NA,NA,Free Agent,45.5,18,1,0,0,2.5277777777777777
Jarren Duran,41610,9,0,24,24,FALSE,NA,NA,Free Agent,0,0,1,0,0,0
Joey Lucchesi,39876,9,0,24,24,FALSE,NA,NA,Free Agent,0,0,NA,NA,NA,0
Mark Canha,31670,2,1,24,41,FALSE,NA,NA,Free Agent,19,13,1,0,0,1.4615384615384615
Mauricio Dubon,35304,4,1,24,45,FALSE,NA,NA,Free Agent,21,13,1,0,0,1.6153846153846154
Rich Hill,6321,11,0,24,31,FALSE,NA,NA,Free Agent,31,2,0,1,0,15.5
Steven Wilson,41828,4,0,24,27,TRUE,NA,NA,Free Agent,-3.5,2,0,0,1,-1.75
Zack Greinke,5883,11,1,24,25,FALSE,NA,NA,Free Agent,2,1,0,1,0,2
Eduardo Rodriguez,32675,9,1,25,82,FALSE,NA,NA,Free Agent,147,7,0,1,0,21
Jonah Heim,33842,8,0,25,82,FALSE,NA,NA,Free Agent,124,47,1,0,0,2.6382978723404253
Vince Velasquez,31878,9,0,25,25,TRUE,NA,NA,Free Agent,33,1,0,1,0,33
Adam Frazier,33546,2,2,26,27,FALSE,NA,NA,Free Agent,2,2,1,0,0,1
Brenton Doyle,42462,2,0,26,26,FALSE,NA,NA,Free Agent,1.5,1,1,0,0,1.5
Bryan Abreu,41208,7,0,26,82,TRUE,NA,NA,Free Agent,72.5,21,0,0,1,3.4523809523809526
Bryan De La Cruz,40787,1,1,26,26,FALSE,NA,NA,Free Agent,-1,1,1,0,0,-1
Clarke Schmidt,41085,11,2,26,29,TRUE,NA,NA,Free Agent,0,0,NA,NA,NA,0
Jake Burger,39882,13,0,26,36,FALSE,NA,NA,Free Agent,23,7,1,0,0,3.2857142857142856
Jarren Duran,41610,12,1,26,26,FALSE,NA,NA,Free Agent,-1,1,1,0,0,-1
Jason Adam,32145,6,1,26,28,TRUE,NA,NA,Free Agent,2,1,0,0,1,2
Joey Lucchesi,39876,9,1,26,33,FALSE,NA,NA,Free Agent,7,1,0,1,0,7
Jose Quijada,39142,13,0,26,31,TRUE,NA,NA,Free Agent,-2,1,0,0,1,-2
Josh Winckowski,4713488,12,1,26,27,TRUE,NA,NA,Free Agent,5,1,0,0,1,5
Ke'Bryan Hayes,35020,12,2,26,37,FALSE,NA,NA,Free Agent,15,9,1,0,0,1.6666666666666667
Kyle Gibson,31053,1,2,26,29,FALSE,NA,NA,Free Agent,0.5,1,0,1,0,0.5
Spencer Steer,4722857,14,0,26,36,FALSE,NA,NA,Free Agent,13,9,1,0,0,1.4444444444444444
Spencer Torkelson,4424286,6,2,26,27,FALSE,NA,NA,Free Agent,4,2,1,0,0,2
TJ Friedl,36020,5,1,26,51,FALSE,NA,NA,Free Agent,36.5,15,1,0,0,2.433333333333333
Brandon Pfaadt,4721302,1,0,27,29,FALSE,NA,NA,Free Agent,0,0,NA,NA,NA,0
Bryson Stott,42417,5,2,27,82,FALSE,NA,NA,Free Agent,114,46,1,0,0,2.4782608695652173
Logan Allen,4683350,1,0,27,59,FALSE,NA,NA,Free Agent,37,4,0,1,0,9.25
Noah Syndergaard,31730,2,3,27,27,FALSE,NA,NA,Free Agent,-9.5,1,0,1,0,-9.5
Paul DeJong,35185,12,0,27,28,FALSE,NA,NA,Free Agent,5.5,2,1,0,0,2.75
A.J. Puk,36201,4,0,28,45,TRUE,NA,NA,Free Agent,13.5,7,0,0,1,1.9285714285714286
Brent Rooker,40926,14,2,28,82,FALSE,NA,NA,Free Agent,100,44,1,0,0,2.272727272727273
Cristian Pache,39897,2,0,28,31,FALSE,NA,NA,Free Agent,3,1,1,0,0,3
German Marquez,34874,2,1,28,28,FALSE,NA,NA,Free Agent,2.5,1,0,1,0,2.5
Kutter Crawford,41277,12,1,28,30,TRUE,NA,NA,Free Agent,10,1,0,1,0,10
Max Kepler,31870,6,1,28,28,FALSE,NA,NA,Free Agent,0.5,1,1,0,0,0.5
James Karinchak,40715,13,2,29,34,TRUE,NA,NA,Free Agent,2,2,0,0,1,1
Jesse Winker,32833,6,1,29,31,FALSE,NA,NA,Free Agent,3,1,1,0,0,3
Trevor Larnach,41205,14,1,29,36,FALSE,NA,NA,Free Agent,5.5,7,1,0,0,0.7857142857142857
Trey Mancini,33351,2,2,29,33,FALSE,NA,NA,Free Agent,7,4,1,0,0,1.75
Vaughn Grissom,42503,12,1,29,31,FALSE,NA,NA,Free Agent,2.5,2,1,0,0,1.25
Wade Miley,31094,14,1,29,49,FALSE,NA,NA,Free Agent,15,3,0,1,0,5
Yennier Cano,35536,6,0,29,74,TRUE,NA,NA,Free Agent,93.5,21,0,0,1,4.4523809523809526
Jarren Duran,41610,1,2,30,31,FALSE,NA,NA,Free Agent,7,2,1,0,0,3.5
Taylor Walls,40576,1,1,30,30,FALSE,NA,NA,Free Agent,-0.5,1,1,0,0,-0.5
Tyler Wells,4717904,7,0,30,82,FALSE,NA,NA,Free Agent,140.5,8,0,1,0,17.5625
Vince Velasquez,31878,11,1,30,31,TRUE,NA,NA,Free Agent,22.5,1,0,1,0,22.5
Yonny Chirinos,39823,11,0,30,43,FALSE,NA,NA,Free Agent,22,3,0,1,0,7.333333333333333
Bailey Ober,3107919,8,0,31,61,FALSE,NA,NA,Free Agent,98.5,6,0,1,0,16.416666666666668
Colin Holderman,4917897,12,0,31,31,TRUE,NA,NA,Free Agent,5,1,0,0,1,5
Craig Kimbrel,30653,1,2,31,35,TRUE,NA,NA,Free Agent,-12.5,2,0,0,1,-6.25
Ji Hwan Bae,40896,1,1,31,31,FALSE,NA,NA,Free Agent,2,2,1,0,0,1
Rodolfo Castro,41532,1,0,31,31,FALSE,NA,NA,Free Agent,2.5,2,1,0,0,1.25
Bailey Falter,4705677,7,0,32,32,FALSE,NA,NA,Free Agent,-1.5,1,0,1,0,-1.5
Blake Sabol,5120296,1,0,32,32,FALSE,NA,NA,Free Agent,0,0,NA,NA,NA,0
Drew Smyly,31816,13,0,32,82,FALSE,NA,NA,Free Agent,100,9,0,1,0,11.11111111111111
Easton McGee,41810,11,0,32,32,TRUE,NA,NA,Free Agent,0,0,NA,NA,NA,0
Ha-Seong Kim,4089862,12,1,32,33,FALSE,NA,NA,Free Agent,10.5,2,1,0,0,5.25
J.D. Davis,33796,12,1,32,32,FALSE,NA,NA,Free Agent,7,1,1,0,0,7
Jason Adam,32145,13,2,32,32,TRUE,NA,NA,Free Agent,6,1,0,0,1,6
Josiah Gray,41165,11,0,32,32,FALSE,NA,NA,Free Agent,22.5,1,0,1,0,22.5
Kyle Bradish,4311625,11,0,32,32,FALSE,NA,NA,Free Agent,6,1,0,1,0,6
LaMonte Wade Jr.,37798,1,0,32,35,FALSE,NA,NA,Free Agent,15.5,4,1,0,0,3.875
Marco Gonzales,33158,7,1,32,32,FALSE,NA,NA,Free Agent,-7.5,1,0,1,0,-7.5
Max Kepler,31870,6,2,32,32,FALSE,NA,NA,Free Agent,1,1,1,0,0,1
Nelson Cruz,6242,6,0,32,32,FALSE,NA,NA,Free Agent,2.5,1,1,0,0,2.5
Trent Grisham,34995,1,3,32,39,FALSE,NA,NA,Free Agent,10.5,6,1,0,0,1.75
Zach McKinstry,38420,1,0,32,32,FALSE,NA,NA,Free Agent,-1.5,1,1,0,0,-1.5
A.J. Minter,36133,13,1,33,49,TRUE,NA,NA,Free Agent,17.5,8,0,0,1,2.1875
Cal Raleigh,41292,1,0,33,33,FALSE,NA,NA,Free Agent,0,0,NA,NA,NA,0
Carlos Estevez,34861,7,0,33,82,TRUE,NA,NA,Free Agent,89.5,19,0,0,1,4.7105263157894735
Domingo German,33660,11,1,33,82,FALSE,NA,NA,Free Agent,100,8,0,1,0,12.5
Eddie Rosario,31944,6,0,33,33,FALSE,NA,NA,Free Agent,6,2,1,0,0,3
Eric Hosmer,30993,6,0,33,33,FALSE,NA,NA,Free Agent,0,0,NA,NA,NA,0
Erik Swanson,36013,12,0,33,36,TRUE,NA,NA,Free Agent,3,2,0,0,1,1.5
Max Kepler,31870,12,3,33,34,FALSE,NA,NA,Free Agent,1,1,1,0,0,1
Myles Straw,39105,2,3,33,33,FALSE,NA,NA,Free Agent,-0.5,1,1,0,0,-0.5
Sam Hilliard,35831,1,0,33,33,FALSE,NA,NA,Free Agent,-1.5,1,1,0,0,-1.5
Taylor Walls,40576,7,2,33,82,FALSE,NA,NA,Free Agent,71.5,36,1,0,0,1.9861111111111112
Vince Velasquez,31878,7,2,33,60,TRUE,NA,NA,Free Agent,0,2,0,1,0,0
Harold Ramirez,33259,1,1,34,46,FALSE,NA,NA,Free Agent,15.5,7,1,0,0,2.2142857142857144
Hayden Wesneski,42996,4,1,34,34,FALSE,NA,NA,Free Agent,18,1,0,1,0,18
Jarren Duran,41610,12,3,34,60,FALSE,NA,NA,Free Agent,36.5,21,1,0,0,1.7380952380952381
Jason Heyward,29551,9,1,34,43,FALSE,NA,NA,Free Agent,0,3,1,0,0,0
Joey Meneses,34534,2,1,34,78,FALSE,NA,NA,Free Agent,97.5,34,1,0,0,2.8676470588235294
Jose Siri,33954,2,1,34,38,FALSE,NA,NA,Free Agent,7.5,4,1,0,0,1.875
Josiah Gray,41165,9,1,34,45,FALSE,NA,NA,Free Agent,0,0,0,1,0,0
Kyle Gibson,31053,2,3,34,35,FALSE,NA,NA,Free Agent,-2,1,0,1,0,-2
Michael Conforto,33711,6,1,34,35,FALSE,NA,NA,Free Agent,1,2,1,0,0,0.5
Nick Senzel,36180,7,0,34,46,FALSE,NA,NA,Free Agent,8,9,1,0,0,0.8888888888888888
Paul DeJong,35185,12,1,34,34,FALSE,NA,NA,Free Agent,1,1,1,0,0,1
Tanner Bibee,4345278,1,0,34,44,FALSE,NA,NA,Free Agent,9,2,0,1,0,4.5
Yusei Kikuchi,41415,6,2,34,34,TRUE,NA,NA,Free Agent,-4.5,1,0,1,0,-4.5
Brady Singer,41172,2,1,35,39,FALSE,NA,NA,Free Agent,-2.5,1,0,1,0,-2.5
Brandon Pfaadt,4721302,12,1,35,35,FALSE,NA,NA,Free Agent,-6.5,1,0,1,0,-6.5
Bryce Miller,4654313,9,0,35,82,FALSE,NA,NA,Free Agent,110.5,6,0,1,0,18.416666666666668
Drew Smith,39685,13,0,35,39,TRUE,NA,NA,Free Agent,9.5,2,0,0,1,4.75
Dylan Floro,33852,6,1,35,39,TRUE,NA,NA,Free Agent,3.5,2,0,0,1,1.75
Ha-Seong Kim,4089862,12,2,35,35,FALSE,NA,NA,Free Agent,1.5,1,1,0,0,1.5
Mason Miller,4730225,4,0,35,49,FALSE,NA,NA,Free Agent,17.5,1,0,1,0,17.5
Bryan Baker,40884,11,0,36,44,TRUE,NA,NA,Free Agent,9,4,0,0,1,2.25
Colin Holderman,4917897,12,1,36,39,TRUE,NA,NA,Free Agent,6,1,0,0,1,6
Daniel Bard,30158,2,1,36,36,TRUE,NA,NA,Free Agent,0,0,NA,NA,NA,0
Esteury Ruiz,39680,2,2,36,82,FALSE,NA,NA,Free Agent,100.5,41,1,0,0,2.451219512195122
Genesis Cabrera,41061,6,0,36,40,TRUE,NA,NA,Free Agent,6.5,2,0,0,1,3.25
Graham Ashcraft,4084179,14,1,36,56,FALSE,NA,NA,Free Agent,0.5,2,0,1,0,0.25
Jason Adam,32145,1,3,36,57,TRUE,NA,NA,Free Agent,24.5,10,0,0,1,2.45
Jesse Winker,32833,6,2,36,37,FALSE,NA,NA,Free Agent,3.5,2,1,0,0,1.75
Luke Raley,40422,11,0,36,36,FALSE,NA,NA,Free Agent,-1,1,1,0,0,-1
Max Kepler,31870,12,4,36,44,FALSE,NA,NA,Free Agent,26.5,7,1,0,0,3.7857142857142856
Randal Grichuk,31399,1,0,36,36,FALSE,NA,NA,Free Agent,0,0,NA,NA,NA,0
Tylor Megill,3332018,13,0,36,38,FALSE,NA,NA,Free Agent,4,1,0,1,0,4
Brad Keller,35292,11,1,37,38,TRUE,NA,NA,Free Agent,-11.5,1,0,1,0,-11.5
Ezequiel Duran,42457,12,0,37,38,FALSE,NA,NA,Free Agent,4.5,2,1,0,0,2.25
Javier Baez,32127,1,1,37,56,FALSE,NA,NA,Free Agent,27,9,1,0,0,3
LaMonte Wade Jr.,37798,14,1,37,82,FALSE,NA,NA,Free Agent,107,37,1,0,0,2.891891891891892
Lourdes Gurriel Jr.,36040,14,3,37,82,FALSE,NA,NA,Free Agent,110,33,1,0,0,3.3333333333333335
Matt Moore,31099,2,0,37,43,TRUE,NA,NA,Free Agent,6,1,0,0,1,6
Michael Kopech,33763,11,2,37,82,FALSE,NA,NA,Free Agent,138.5,8,0,1,0,17.3125
Will Smith,31549,13,1,37,40,TRUE,NA,NA,Free Agent,0.5,2,0,0,1,0.25
Brusdar Graterol,40965,12,2,38,38,TRUE,NA,NA,Free Agent,1,1,0,0,1,1
Hayden Wesneski,42996,8,2,38,47,FALSE,NA,NA,Free Agent,20,2,0,1,0,10
Jorge Soler,32558,6,3,38,39,FALSE,NA,NA,Free Agent,9,2,1,0,0,4.5
Matt Mervis,4297978,4,0,38,50,FALSE,NA,NA,Free Agent,13,9,1,0,0,1.4444444444444444
Adam Wainwright,5403,7,1,39,40,FALSE,NA,NA,Free Agent,0,0,NA,NA,NA,0
Enrique Hernandez,31358,2,4,39,39,FALSE,NA,NA,Free Agent,1.5,1,1,0,0,1.5
Orlando Arcia,32530,12,2,39,39,FALSE,NA,NA,Free Agent,1,1,1,0,0,1
Sean Manaea,33244,13,2,39,43,FALSE,NA,NA,Free Agent,-2.5,1,0,1,0,-2.5
Yusei Kikuchi,41415,12,3,39,39,TRUE,NA,NA,Free Agent,22,1,0,1,0,22
Adam Frazier,33546,11,3,40,43,FALSE,NA,NA,Free Agent,4.5,3,1,0,0,1.5
Brendan Donovan,41773,12,1,40,40,FALSE,NA,NA,Free Agent,2,1,1,0,0,2
Bryan Reynolds,38980,6,1,40,82,FALSE,13,3,Trade,89,34,1,0,0,2.6176470588235294
Cal Raleigh,41292,11,1,40,46,FALSE,NA,NA,Free Agent,1,4,1,0,0,0.25
Chris Taylor,32900,1,1,40,40,FALSE,NA,NA,Free Agent,7,1,1,0,0,7
Corbin Burnes,39878,13,1,40,82,FALSE,6,3,Trade,142.5,7,0,1,0,20.357142857142858
Ezequiel Duran,42457,12,1,40,42,FALSE,NA,NA,Free Agent,2,3,1,0,0,0.6666666666666666
Hunter Harvey,33191,13,0,40,44,TRUE,NA,NA,Free Agent,2,1,0,0,1,2
Jose Siri,33954,2,2,40,43,FALSE,NA,NA,Free Agent,-1.5,2,1,0,0,-0.75
Ke'Bryan Hayes,35020,12,3,40,45,FALSE,NA,NA,Free Agent,4,4,1,0,0,1
Kendall Graveman,33636,6,2,40,52,TRUE,NA,NA,Free Agent,28.5,6,0,0,1,4.75
Nick Lodolo,42433,6,1,40,82,FALSE,13,3,Trade,0,0,NA,NA,NA,0
Orlando Arcia,32530,14,3,40,82,FALSE,NA,NA,Free Agent,92.5,37,1,0,0,2.5
Patrick Sandoval,40975,7,1,40,67,FALSE,NA,NA,Free Agent,45,4,0,1,0,11.25
Randal Grichuk,31399,1,1,40,49,FALSE,NA,NA,Free Agent,14,6,1,0,0,2.3333333333333335
Robbie Grossman,31385,8,0,40,82,FALSE,NA,NA,Free Agent,71.5,32,1,0,0,2.234375
Shea Langeliers,42598,2,0,40,40,FALSE,NA,NA,Free Agent,-0.5,1,1,0,0,-0.5
Colin Holderman,4917897,2,2,41,41,TRUE,NA,NA,Free Agent,0,0,NA,NA,NA,0
Erik Swanson,36013,12,1,41,48,TRUE,NA,NA,Free Agent,10,4,0,0,1,2.5
JJ Bleday,42410,13,0,41,47,FALSE,NA,NA,Free Agent,11.5,6,1,0,0,1.9166666666666667
Marcell Ozuna,31668,13,1,41,41,FALSE,NA,NA,Free Agent,2.5,1,1,0,0,2.5
Riley Greene,42179,6,1,41,41,FALSE,NA,NA,Free Agent,3.5,1,1,0,0,3.5
Trent Grisham,34995,1,4,41,41,FALSE,NA,NA,Free Agent,0,0,1,0,0,0
Yusei Kikuchi,41415,7,4,41,70,TRUE,NA,NA,Free Agent,7.5,2,0,1,0,3.75
Anthony Volpe,42547,6,2,42,65,FALSE,NA,NA,Free Agent,31,19,1,0,0,1.631578947368421
Chris Taylor,32900,1,2,42,47,FALSE,NA,NA,Free Agent,2,3,1,0,0,0.6666666666666666
Christopher Morel,42927,2,0,42,82,FALSE,NA,NA,Free Agent,102.5,26,1,0,0,3.9423076923076925
Jesse Chavez,29220,13,0,42,46,TRUE,NA,NA,Free Agent,13,3,0,0,1,4.333333333333333
John Schreiber,39949,6,3,42,45,TRUE,NA,NA,Free Agent,0,0,NA,NA,NA,0
Jorge Soler,32558,2,4,42,82,FALSE,NA,NA,Free Agent,122.5,32,1,0,0,3.828125
Mark Leiter Jr.,36202,12,0,42,46,TRUE,NA,NA,Free Agent,3,1,0,0,1,3
Eury Perez,4917854,12,0,43,72,FALSE,NA,NA,Free Agent,44,3,0,1,0,14.666666666666666
Luke Raley,40422,12,1,43,43,FALSE,NA,NA,Free Agent,2.5,1,1,0,0,2.5
Spencer Torkelson,4424286,8,3,43,72,FALSE,NA,NA,Free Agent,50.5,25,1,0,0,2.02
Clarke Schmidt,41085,11,3,44,44,TRUE,NA,NA,Free Agent,0,0,NA,NA,NA,0
J.P. Crawford,33210,9,0,44,50,FALSE,NA,NA,Free Agent,10.5,6,1,0,0,1.75
Kyle Gibson,31053,11,4,44,49,FALSE,NA,NA,Free Agent,3,1,0,1,0,3
Marco Gonzales,33158,2,2,44,44,FALSE,NA,NA,Free Agent,15.5,1,0,1,0,15.5
Nick Martinez,33372,2,0,44,60,TRUE,NA,NA,Free Agent,16.5,7,0,0,1,2.357142857142857
Paul DeJong,35185,12,2,44,45,FALSE,NA,NA,Free Agent,0,2,1,0,0,0
Riley Greene,42179,13,2,44,47,FALSE,NA,NA,Free Agent,6,2,1,0,0,3
Casey Schmitt,4301949,2,0,45,64,FALSE,NA,NA,Free Agent,29,14,1,0,0,2.0714285714285716
Ezequiel Duran,42457,12,2,45,58,FALSE,NA,NA,Free Agent,33,9,1,0,0,3.6666666666666665
Giovanny Gallegos,36050,13,2,45,82,TRUE,NA,NA,Free Agent,49.5,13,0,0,1,3.8076923076923075
JP Sears,39818,11,0,45,47,FALSE,NA,NA,Free Agent,12,1,0,1,0,12
William Contreras,39895,2,1,45,51,FALSE,NA,NA,Free Agent,0,5,1,0,0,0
Adam Ottavino,29705,4,2,46,70,TRUE,NA,NA,Free Agent,17,11,0,0,1,1.5454545454545454
Chris Martin,32903,12,0,46,52,TRUE,NA,NA,Free Agent,9,2,0,0,1,4.5
Lane Thomas,36409,4,3,46,82,FALSE,NA,NA,Free Agent,103,30,1,0,0,3.433333333333333
Louie Varland,4917888,9,0,46,48,FALSE,NA,NA,Free Agent,20,1,0,1,0,20
Michael Conforto,33711,6,2,46,82,FALSE,NA,NA,Free Agent,89,25,1,0,0,3.56
Nick Pratto,39641,12,0,46,47,FALSE,NA,NA,Free Agent,0,2,1,0,0,0
Jake Fraley,37974,7,0,47,73,FALSE,NA,NA,Free Agent,49,19,1,0,0,2.5789473684210527
Justin Lawrence,41310,5,0,47,55,TRUE,NA,NA,Free Agent,4.5,3,0,0,1,1.5
Marcell Ozuna,31668,12,2,47,82,FALSE,NA,NA,Free Agent,86,28,1,0,0,3.0714285714285716
Tanner Bibee,4345278,1,1,47,78,FALSE,NA,NA,Free Agent,52.5,5,0,1,0,10.5
Tyler Stephenson,34975,11,1,47,47,FALSE,NA,NA,Free Agent,3,1,1,0,0,3
Will Smith,31549,13,2,47,82,TRUE,NA,NA,Free Agent,50,11,0,0,1,4.545454545454546
Adam Duvall,32664,1,2,48,82,FALSE,NA,NA,Free Agent,6.5,6,1,0,0,1.0833333333333333
Adam Frazier,33546,8,4,48,70,FALSE,NA,NA,Free Agent,43,20,1,0,0,2.15
Brent Suter,36023,11,0,48,51,TRUE,NA,NA,Free Agent,2.5,1,0,0,1,2.5
Cal Raleigh,41292,11,2,48,70,FALSE,NA,NA,Free Agent,24.5,18,1,0,0,1.3611111111111112
Dominic Fletcher,42984,1,0,48,58,FALSE,NA,NA,Free Agent,0.5,2,1,0,0,0.25
J.P. France,3662290,7,0,48,50,TRUE,NA,NA,Free Agent,-9,1,0,1,0,-9
Josiah Gray,41165,13,2,48,74,FALSE,NA,NA,Free Agent,53.5,5,0,1,0,10.7
Mauricio Dubon,35304,13,2,48,49,FALSE,NA,NA,Free Agent,6.5,2,1,0,0,3.25
Michael Lorenzen,33252,6,0,48,49,FALSE,NA,NA,Free Agent,24,1,0,1,0,24
Pete Fairbanks,42180,12,1,48,60,TRUE,NA,NA,Free Agent,10,5,0,0,1,2
Tyler O'Neill,34168,2,1,48,49,FALSE,NA,NA,Free Agent,0,0,NA,NA,NA,0
Brayan Bello,4720856,9,0,49,82,FALSE,NA,NA,Free Agent,109,6,0,1,0,18.166666666666668
Matt Moore,31099,9,1,49,60,TRUE,NA,NA,Free Agent,15.5,4,0,0,1,3.875
Nick Senzel,36180,12,1,49,49,FALSE,NA,NA,Free Agent,3,1,1,0,0,3
Bryan Baker,40884,13,1,50,52,TRUE,NA,NA,Free Agent,-2,2,0,0,1,-1
Bryan De La Cruz,40787,1,2,50,82,FALSE,NA,NA,Free Agent,80.5,29,1,0,0,2.7758620689655173
CJ Abrams,42402,6,2,50,52,FALSE,NA,NA,Free Agent,5,3,1,0,0,1.6666666666666667
Hanser Alberto,32839,2,0,50,50,TRUE,NA,NA,Free Agent,0,1,1,0,0,0
Harold Ramirez,33259,13,2,50,63,FALSE,NA,NA,Free Agent,17,11,1,0,0,1.5454545454545454
Jake Burger,39882,12,1,50,62,FALSE,NA,NA,Free Agent,14.5,13,1,0,0,1.1153846153846154
James Paxton,31980,4,0,50,82,FALSE,NA,NA,Free Agent,85.5,5,0,1,0,17.1
Jeimer Candelario,32531,14,0,50,82,FALSE,NA,NA,Free Agent,79,25,1,0,0,3.16
Michael Wacha,32640,11,1,50,82,FALSE,NA,NA,Free Agent,107,5,0,1,0,21.4
Roansy Contreras,40967,11,0,50,58,FALSE,NA,NA,Free Agent,6.5,1,0,1,0,6.5
Jose Siri,33954,9,3,51,75,FALSE,NA,NA,Free Agent,46,18,1,0,0,2.5555555555555554
Ke'Bryan Hayes,35020,9,4,51,61,FALSE,NA,NA,Free Agent,19,9,1,0,0,2.111111111111111
Leody Taveras,34951,2,0,51,82,FALSE,NA,NA,Free Agent,94,27,1,0,0,3.4814814814814814
Mark Vientos,41034,4,0,51,52,FALSE,NA,NA,Free Agent,2.5,1,1,0,0,2.5
Nick Senzel,36180,7,2,51,55,FALSE,NA,NA,Free Agent,3.5,5,1,0,0,0.7
Paul DeJong,35185,9,3,51,70,FALSE,NA,NA,Free Agent,33.5,17,1,0,0,1.9705882352941178
Riley Greene,42179,13,3,51,82,FALSE,NA,NA,Free Agent,35.5,12,1,0,0,2.9583333333333335
Francisco Alvarez,41253,2,1,52,53,FALSE,NA,NA,Free Agent,2,1,1,0,0,2
Greg Allen,34187,11,0,52,56,FALSE,NA,NA,Free Agent,0,0,1,0,0,0
Louie Varland,4917888,13,1,52,52,FALSE,NA,NA,Free Agent,8,1,0,1,0,8
Patrick Corbin,31313,5,0,52,82,FALSE,NA,NA,Free Agent,43.5,6,0,1,0,7.25
Alejandro Kirk,42081,13,1,53,54,FALSE,NA,NA,Free Agent,5,2,1,0,0,2.5
Alex Wood,32620,4,0,53,53,FALSE,NA,NA,Free Agent,3,1,0,1,0,3
Brett Baty,42414,4,1,53,67,FALSE,NA,NA,Free Agent,11.5,11,1,0,0,1.0454545454545454
Brooks Raley,32005,6,1,53,53,TRUE,NA,NA,Free Agent,10.5,1,0,0,1,10.5
James Karinchak,40715,13,3,53,56,TRUE,NA,NA,Free Agent,9,2,0,0,1,4.5
Kutter Crawford,41277,12,2,53,54,TRUE,NA,NA,Free Agent,4.5,1,0,0,1,4.5
Myles Straw,39105,6,4,53,53,FALSE,NA,NA,Free Agent,2,2,1,0,0,1
Dane Dunning,36080,2,0,54,54,TRUE,NA,NA,Free Agent,10.5,1,0,1,0,10.5
Danny Jansen,35004,2,0,54,57,FALSE,NA,NA,Free Agent,13,3,1,0,0,4.333333333333333
Matthew Liberatore,41173,4,0,54,64,FALSE,NA,NA,Free Agent,0,0,0,1,0,0
Nick Pratto,39641,6,1,54,56,FALSE,NA,NA,Free Agent,2,2,1,0,0,1
Scott Barlow,32156,6,2,54,54,TRUE,NA,NA,Free Agent,1,1,0,0,1,1
Geraldo Perdomo,41355,14,1,55,73,FALSE,NA,NA,Free Agent,23,11,1,0,0,2.090909090909091
Kendall Graveman,33636,6,3,55,60,TRUE,NA,NA,Free Agent,10.5,2,0,0,1,5.25
Miles Mikolas,32116,13,2,55,56,FALSE,NA,NA,Free Agent,0,0,NA,NA,NA,0
Tylor Megill,3332018,2,1,55,55,FALSE,NA,NA,Free Agent,1,1,0,1,0,1
Wandy Peralta,36036,12,1,55,57,TRUE,NA,NA,Free Agent,3,2,0,0,1,1.5
Ben Lively,33194,8,0,56,79,FALSE,NA,NA,Free Agent,57,5,0,1,0,11.4
Bobby Miller,4326703,7,0,56,82,FALSE,NA,NA,Free Agent,44.5,3,0,1,0,14.833333333333334
Brent Suter,36023,5,1,56,82,TRUE,NA,NA,Free Agent,-2.5,10,0,0,1,-0.25
Edward Cabrera,40944,2,1,56,80,FALSE,NA,NA,Free Agent,51,4,0,1,0,12.75
Tyler Rogers,34026,2,0,56,57,TRUE,NA,NA,Free Agent,6,1,0,0,1,6
A.J. Minter,36133,13,2,57,59,TRUE,NA,NA,Free Agent,1,2,0,0,1,0.5
Clay Holmes,32827,1,1,57,82,TRUE,NA,NA,Free Agent,41.5,9,0,0,1,4.611111111111111
Gunnar Henderson,42507,13,1,57,59,FALSE,NA,NA,Free Agent,5,1,1,0,0,5
Kevin Kiermaier,31446,14,0,57,62,FALSE,NA,NA,Free Agent,0,1,1,0,0,0
Mickey Moniak,36181,2,0,57,59,FALSE,NA,NA,Free Agent,0,0,1,0,0,0
Mitch Haniger,32771,6,1,57,67,FALSE,NA,NA,Free Agent,17.5,9,1,0,0,1.9444444444444444
Nick Senzel,36180,11,3,57,68,FALSE,NA,NA,Free Agent,15,9,1,0,0,1.6666666666666667
Spencer Steer,4722857,11,1,57,82,FALSE,NA,NA,Free Agent,86,23,1,0,0,3.739130434782609
Craig Kimbrel,30653,12,3,58,71,TRUE,NA,NA,Free Agent,21.5,5,0,0,1,4.3
Francisco Alvarez,41253,2,2,58,82,FALSE,NA,NA,Free Agent,38.5,18,1,0,0,2.138888888888889
Jorge Lopez,33833,2,2,58,62,TRUE,NA,NA,Free Agent,-7,2,0,0,1,-3.5
Louie Varland,4917888,11,2,58,58,FALSE,NA,NA,Free Agent,13,1,0,1,0,13
Matt McLain,4422899,14,0,58,82,FALSE,NA,NA,Free Agent,61,21,1,0,0,2.9047619047619047
Miles Mikolas,32116,1,3,58,79,FALSE,NA,NA,Free Agent,34,3,0,1,0,11.333333333333334
Brady Singer,41172,11,2,59,60,FALSE,NA,NA,Free Agent,10.5,1,0,1,0,10.5
Dane Dunning,36080,11,1,59,59,TRUE,NA,NA,Free Agent,0,0,NA,NA,NA,0
Michael Lorenzen,33252,8,1,59,82,FALSE,NA,NA,Free Agent,56,4,0,1,0,14
Owen Miller,41187,1,0,59,71,FALSE,NA,NA,Free Agent,22.5,10,1,0,0,2.25
Rougned Odor,32170,12,0,59,59,FALSE,NA,NA,Free Agent,-0.5,1,1,0,0,-0.5
Alejandro Kirk,42081,13,2,60,60,FALSE,NA,NA,Free Agent,3,1,1,0,0,3
Anthony DeSclafani,33180,2,1,60,67,FALSE,NA,NA,Free Agent,8,2,0,1,0,4
Hunter Gaddis,4187661,11,0,60,60,FALSE,NA,NA,Free Agent,4.5,1,0,1,0,4.5
J.P. Crawford,33210,12,1,60,61,FALSE,NA,NA,Free Agent,3,2,1,0,0,1.5
Jason Adam,32145,13,4,60,60,TRUE,NA,NA,Free Agent,12.5,1,0,0,1,12.5
Tanner Houck,41009,1,0,60,60,TRUE,NA,NA,Free Agent,0,0,0,1,0,0
Brendan Donovan,41773,11,2,61,61,FALSE,NA,NA,Free Agent,0,1,1,0,0,0
Jake Bird,3459223,9,0,61,81,TRUE,NA,NA,Free Agent,17.5,9,0,0,1,1.9444444444444444
Javier Baez,32127,11,2,61,61,FALSE,NA,NA,Free Agent,0.5,1,1,0,0,0.5
Kyle Finnegan,36543,13,1,61,63,TRUE,NA,NA,Free Agent,-2.5,1,0,0,1,-2.5
Logan Allen,4683350,6,1,61,62,FALSE,NA,NA,Free Agent,32,1,0,1,0,32
Luke Raley,40422,7,2,61,82,FALSE,NA,NA,Free Agent,42.5,13,1,0,0,3.269230769230769
Max Kepler,31870,12,5,61,67,FALSE,NA,NA,Free Agent,1,5,1,0,0,0.2
Michael Soroka,34984,13,0,61,67,FALSE,NA,NA,Free Agent,-0.5,2,0,1,0,-0.25
Scott Barlow,32156,2,3,61,61,TRUE,NA,NA,Free Agent,0,0,NA,NA,NA,0
Wandy Peralta,36036,12,2,61,63,TRUE,NA,NA,Free Agent,8,1,0,0,1,8
Zach McKinstry,38420,1,1,61,61,FALSE,NA,NA,Free Agent,1.5,1,1,0,0,1.5
Ben Joyce,4867388,2,0,62,66,TRUE,NA,NA,Free Agent,1,2,0,0,1,0.5
Dane Dunning,36080,11,2,62,64,TRUE,NA,NA,Free Agent,0,0,0,1,0,0
Drew Carlton,41480,11,0,62,65,TRUE,NA,NA,Free Agent,6,1,0,0,1,6
Elly De La Cruz,4917694,9,0,62,68,FALSE,NA,NA,Free Agent,0,0,NA,NA,NA,0
Kyle Gibson,31053,1,5,62,62,FALSE,NA,NA,Free Agent,6.5,1,0,1,0,6.5
Mitch Garver,33667,9,0,62,82,FALSE,NA,NA,Free Agent,22,10,1,0,0,2.2
Royce Lewis,40635,12,0,62,67,FALSE,NA,NA,Free Agent,7,5,1,0,0,1.4
Ryan McMahon,33247,8,2,62,82,FALSE,NA,NA,Free Agent,63.5,18,1,0,0,3.5277777777777777
Cody Bellinger,33912,14,1,63,82,FALSE,NA,NA,Free Agent,-0.5,2,1,0,0,-0.25
Jack Flaherty,33837,1,2,63,65,FALSE,NA,NA,Free Agent,12,1,0,1,0,12
Jared Shuster,4623366,2,0,63,63,FALSE,NA,NA,Free Agent,8,1,0,1,0,8
Jason Adam,32145,6,5,63,63,TRUE,NA,NA,Free Agent,6.5,1,0,0,1,6.5
Kendall Graveman,33636,2,4,63,82,TRUE,NA,NA,Free Agent,24,8,0,0,1,3
Zach McKinstry,38420,12,2,63,63,FALSE,NA,NA,Free Agent,2.5,1,1,0,0,2.5
Alex Kirilloff,40636,6,0,64,66,FALSE,NA,NA,Free Agent,7,3,1,0,0,2.3333333333333335
Erik Swanson,36013,13,2,64,64,TRUE,NA,NA,Free Agent,6,1,0,0,1,6
Ha-Seong Kim,4089862,12,3,64,65,FALSE,NA,NA,Free Agent,5.5,1,1,0,0,5.5
Jake McCarthy,41197,12,1,64,64,FALSE,NA,NA,Free Agent,0,1,1,0,0,0
Jarren Duran,41610,13,4,64,67,FALSE,NA,NA,Free Agent,3,4,1,0,0,0.75
Kevin Kiermaier,31446,14,1,64,72,FALSE,NA,NA,Free Agent,6.5,8,1,0,0,0.8125
Louie Varland,4917888,2,3,64,82,FALSE,NA,NA,Free Agent,-4,2,0,1,0,-2
Pavin Smith,40767,12,0,64,64,FALSE,NA,NA,Free Agent,-1,1,1,0,0,-1
Andres Munoz,40939,12,1,65,82,TRUE,NA,NA,Free Agent,25,4,0,0,1,6.25
Bailey Ober,3107919,14,1,65,82,FALSE,NA,NA,Free Agent,54,3,0,1,0,18
Gunnar Henderson,42507,13,2,65,65,FALSE,NA,NA,Free Agent,0,0,1,0,0,0
J.D. Davis,33796,11,2,65,72,FALSE,NA,NA,Free Agent,17.5,7,1,0,0,2.5
Jake Burger,39882,2,2,65,82,FALSE,NA,NA,Free Agent,21.5,10,1,0,0,2.15
Jason Adam,32145,12,6,65,82,TRUE,NA,NA,Free Agent,31.5,7,0,0,1,4.5
Logan Allen,4683350,4,2,65,82,FALSE,NA,NA,Free Agent,17,2,0,1,0,8.5
Tanner Scott,35135,13,0,65,67,TRUE,NA,NA,Free Agent,6.5,2,0,0,1,3.25
Brady Singer,41172,14,3,66,67,FALSE,NA,NA,Free Agent,19,1,0,1,0,19
Brendan Donovan,41773,6,3,66,70,FALSE,NA,NA,Free Agent,2.5,5,1,0,0,0.5
Carlos Santana,30280,11,2,66,69,FALSE,NA,NA,Free Agent,2.5,3,1,0,0,0.8333333333333334
Enrique Hernandez,31358,13,5,66,77,FALSE,NA,NA,Free Agent,13.5,11,1,0,0,1.2272727272727273
Harold Ramirez,33259,9,3,66,82,FALSE,NA,NA,Free Agent,37.5,12,1,0,0,3.125
Josh Donaldson,29563,1,1,66,75,FALSE,NA,NA,Free Agent,11,7,1,0,0,1.5714285714285714
Kutter Crawford,41277,12,3,66,66,TRUE,NA,NA,Free Agent,8,1,0,1,0,8
Kyle Bradish,4311625,8,1,66,70,FALSE,NA,NA,Free Agent,3,1,0,1,0,3
Ezequiel Duran,42457,12,3,67,82,FALSE,NA,NA,Free Agent,25.5,11,1,0,0,2.3181818181818183
Mark Leiter Jr.,36202,2,1,67,70,TRUE,NA,NA,Free Agent,-2.5,1,0,0,1,-2.5
Miguel Castro,33820,11,0,67,70,TRUE,NA,NA,Free Agent,-10,1,0,0,1,-10
Ranger Suarez,39817,6,0,67,67,FALSE,NA,NA,Free Agent,18.5,1,0,1,0,18.5
Brandon Marsh,40803,13,1,68,80,FALSE,NA,NA,Free Agent,3,9,1,0,0,0.3333333333333333
Braxton Garrett,40971,6,0,68,68,FALSE,NA,NA,Free Agent,7,1,0,1,0,7
Brian Anderson,33776,14,1,68,82,FALSE,NA,NA,Free Agent,18.5,11,1,0,0,1.6818181818181819
Colin Holderman,4917897,13,3,68,70,TRUE,NA,NA,Free Agent,4,1,0,0,1,4
Connor Joe,35440,6,1,68,69,FALSE,NA,NA,Free Agent,4.5,2,1,0,0,2.25
JP Sears,39818,13,1,68,70,FALSE,NA,NA,Free Agent,13.5,1,0,1,0,13.5
Johan Oviedo,41405,7,1,68,82,TRUE,NA,NA,Free Agent,44.5,3,0,1,0,14.833333333333334
Jordan Walker,4684778,12,1,68,68,FALSE,NA,NA,Free Agent,2,1,1,0,0,2
Ke'Bryan Hayes,35020,12,5,68,68,FALSE,NA,NA,Free Agent,1,1,1,0,0,1
Luis Urias,35383,4,1,68,72,FALSE,NA,NA,Free Agent,2,4,1,0,0,0.5
Mike Yastrzemski,33341,11,1,68,68,FALSE,NA,NA,Free Agent,0,0,NA,NA,NA,0
Zach McKinstry,38420,2,3,68,70,FALSE,NA,NA,Free Agent,2.5,1,1,0,0,2.5
Andrew Abbott,4414528,11,0,69,82,FALSE,NA,NA,Free Agent,34.5,2,0,1,0,17.25
Andrew Benintendi,34986,11,1,69,74,FALSE,NA,NA,Free Agent,9,5,1,0,0,1.8
Ben Joyce,4867388,6,1,69,71,TRUE,NA,NA,Free Agent,1.5,1,0,0,1,1.5
Joc Pederson,31392,12,2,69,72,FALSE,NA,NA,Free Agent,2.5,2,1,0,0,1.25
Randal Grichuk,31399,9,2,69,71,FALSE,NA,NA,Free Agent,7,3,1,0,0,2.3333333333333335
Trevor Story,32150,12,0,69,82,FALSE,NA,NA,Free Agent,0,0,NA,NA,NA,0
Aaron Hicks,31253,11,0,70,74,FALSE,NA,NA,Free Agent,5.5,4,1,0,0,1.375
Royce Lewis,40635,6,1,70,81,FALSE,NA,NA,Free Agent,11,10,1,0,0,1.1
Anthony DeSclafani,33180,7,2,71,82,FALSE,NA,NA,Free Agent,13.5,2,0,1,0,6.75
Anthony Volpe,42547,13,3,71,73,FALSE,NA,NA,Free Agent,0.5,3,1,0,0,0.16666666666666666
Braxton Garrett,40971,8,1,71,82,FALSE,NA,NA,Free Agent,46,2,0,1,0,23
Elly De La Cruz,4917694,9,1,71,82,FALSE,NA,NA,Free Agent,20,9,1,0,0,2.2222222222222223
Erik Swanson,36013,4,3,71,82,TRUE,NA,NA,Free Agent,16,4,0,0,1,4
Gary Sanchez,31095,11,0,71,81,FALSE,NA,NA,Free Agent,13.5,9,1,0,0,1.5
Isiah Kiner-Falefa,33572,12,0,71,71,FALSE,NA,NA,Free Agent,2,2,1,0,0,1
Jordan Walker,4684778,1,2,71,82,FALSE,NA,NA,Free Agent,25,7,1,0,0,3.5714285714285716
Josh Rojas,40718,13,1,71,74,FALSE,NA,NA,Free Agent,0,0,1,0,0,0
Kyle Gibson,31053,8,6,71,82,FALSE,NA,NA,Free Agent,34.5,2,0,1,0,17.25
Max Kepler,31870,6,6,71,71,FALSE,NA,NA,Free Agent,-0.5,1,1,0,0,-0.5
Mitch Haniger,32771,6,2,71,74,FALSE,NA,NA,Free Agent,-0.5,1,1,0,0,-0.5
Ron Marinaccio,4228723,2,1,71,71,TRUE,NA,NA,Free Agent,12.5,1,0,0,1,12.5
Wandy Peralta,36036,13,3,71,73,TRUE,NA,NA,Free Agent,7,2,0,0,1,3.5
Willie Calhoun,35238,2,0,71,71,FALSE,NA,NA,Free Agent,11,2,1,0,0,5.5
Eddie Rosario,31944,12,1,72,72,FALSE,NA,NA,Free Agent,2,1,1,0,0,2
Jo Adell,40854,9,0,72,74,FALSE,NA,NA,Free Agent,0,0,NA,NA,NA,0
Jose Alvarado,36063,12,1,72,82,TRUE,NA,NA,Free Agent,17.5,5,0,0,1,3.5
Nolan Jones,37340,6,0,72,82,FALSE,NA,NA,Free Agent,27.5,10,1,0,0,2.75
Pavin Smith,40767,2,1,72,78,FALSE,NA,NA,Free Agent,13.5,7,1,0,0,1.9285714285714286
Scott Barlow,32156,6,4,72,73,TRUE,NA,NA,Free Agent,-3.5,1,0,0,1,-3.5
Scott McGough,34834,2,0,72,77,TRUE,NA,NA,Free Agent,13,2,0,0,1,6.5
Tanner Scott,35135,11,1,72,72,TRUE,NA,NA,Free Agent,3,1,0,0,1,3
Andres Gimenez,37729,12,1,73,73,FALSE,NA,NA,Free Agent,0,0,1,0,0,0
Emmanuel Rivera,40519,11,0,73,79,FALSE,NA,NA,Free Agent,1.5,6,1,0,0,0.25
Griffin Canning,41065,8,0,73,82,FALSE,NA,NA,Free Agent,29.5,2,0,1,0,14.75
J.P. France,3662290,12,1,73,73,TRUE,NA,NA,Free Agent,15,1,0,1,0,15
Jack Suwinski,36754,12,1,73,82,FALSE,NA,NA,Free Agent,15,7,1,0,0,2.142857142857143
Julio Teheran,31091,14,0,73,82,FALSE,NA,NA,Free Agent,21.5,1,0,1,0,21.5
Ke'Bryan Hayes,35020,4,6,73,77,FALSE,NA,NA,Free Agent,-0.5,4,1,0,0,-0.125
Mauricio Dubon,35304,14,3,73,82,FALSE,NA,NA,Free Agent,12.5,7,1,0,0,1.7857142857142858
TJ Friedl,36020,11,2,73,82,FALSE,NA,NA,Free Agent,19,7,1,0,0,2.7142857142857144
Adam Frazier,33546,6,5,74,74,FALSE,NA,NA,Free Agent,0,0,1,0,0,0
Brendan Donovan,41773,7,4,74,82,FALSE,NA,NA,Free Agent,20.5,7,1,0,0,2.9285714285714284
Connor Joe,35440,14,2,74,74,FALSE,NA,NA,Free Agent,0,1,1,0,0,0
Garrett Whitlock,39674,12,1,74,82,TRUE,NA,NA,Free Agent,0,0,0,1,0,0
Gunnar Henderson,42507,12,3,74,82,FALSE,NA,NA,Free Agent,24,6,1,0,0,4
Mike Yastrzemski,33341,13,2,74,74,FALSE,NA,NA,Free Agent,2,1,1,0,0,2
Tyler Rogers,34026,13,1,74,75,TRUE,NA,NA,Free Agent,2,1,0,0,1,2
AJ Smith-Shawver,4917640,13,0,75,79,FALSE,NA,NA,Free Agent,10.5,1,0,1,0,10.5
Byron Buxton,32655,1,1,75,82,FALSE,6,4,Trade,-3,2,1,0,0,-1.5
Craig Kimbrel,30653,6,4,75,78,TRUE,NA,NA,Free Agent,11,2,0,0,1,5.5
Dairon Blanco,42228,2,0,75,75,FALSE,NA,NA,Free Agent,-0.5,1,1,0,0,-0.5
Dylan Carlson,39226,1,1,75,75,FALSE,NA,NA,Free Agent,-0.5,1,1,0,0,-0.5
Eddie Rosario,31944,13,2,75,79,FALSE,NA,NA,Free Agent,17,4,1,0,0,4.25
J.D. Davis,33796,14,3,75,76,FALSE,NA,NA,Free Agent,2,2,1,0,0,1
Joc Pederson,31392,9,3,75,82,FALSE,NA,NA,Free Agent,9.5,5,1,0,0,1.9
Josh Lowe,40557,6,3,75,82,FALSE,1,4,Trade,9,5,1,0,0,1.8
Lucas Giolito,32697,1,1,75,82,FALSE,6,4,Trade,6.5,1,0,1,0,6.5
Mitch Keller,33722,6,1,75,82,FALSE,1,4,Trade,7,1,0,1,0,7
Patrick Sandoval,40975,13,2,75,82,FALSE,NA,NA,Free Agent,25.5,1,0,1,0,25.5
Pete Fairbanks,42180,6,2,75,82,TRUE,NA,NA,Free Agent,5,1,0,0,1,5
Scott Barlow,32156,6,5,75,76,TRUE,NA,NA,Free Agent,0.5,1,0,0,1,0.5
Tarik Skubal,42409,6,0,75,82,FALSE,NA,NA,Free Agent,0,0,NA,NA,NA,0
Tyler Stephenson,34975,11,2,75,75,FALSE,NA,NA,Free Agent,1,1,1,0,0,1
Yennier Cano,35536,1,1,75,82,TRUE,6,4,Trade,8.5,2,0,0,1,4.25
Zach McKinstry,38420,11,4,75,75,FALSE,NA,NA,Free Agent,0,1,1,0,0,0
A.J. Puk,36201,11,1,76,80,TRUE,NA,NA,Free Agent,13.5,3,0,0,1,4.5
Hector Neris,32377,13,1,76,80,TRUE,NA,NA,Free Agent,10,3,0,0,1,3.3333333333333335
Jack Flaherty,33837,1,3,76,80,FALSE,NA,NA,Free Agent,-8,1,0,1,0,-8
Mickey Moniak,36181,11,1,76,78,FALSE,NA,NA,Free Agent,9,2,1,0,0,4.5
Owen Miller,41187,2,1,76,77,FALSE,NA,NA,Free Agent,-1,1,1,0,0,-1
Ryan Noda,40518,1,0,76,78,FALSE,NA,NA,Free Agent,4,2,1,0,0,2
Zach McKinstry,38420,9,5,76,82,FALSE,NA,NA,Free Agent,7,6,1,0,0,1.1666666666666667
Adam Frazier,33546,7,6,77,80,FALSE,NA,NA,Free Agent,-1,4,1,0,0,-0.25
Ranger Suarez,39817,6,1,77,77,FALSE,NA,NA,Free Agent,28,1,0,1,0,28
Spencer Torkelson,4424286,14,4,77,82,FALSE,NA,NA,Free Agent,23.5,6,1,0,0,3.9166666666666665
Tanner Scott,35135,2,2,77,77,TRUE,NA,NA,Free Agent,3,1,0,0,1,3
Aaron Hicks,31253,9,1,78,82,FALSE,NA,NA,Free Agent,6.5,4,1,0,0,1.625
Andrew Chafin,32810,6,1,78,82,TRUE,NA,NA,Free Agent,6,2,0,0,1,3
Edouard Julien,3985190,4,1,78,82,FALSE,NA,NA,Free Agent,2,2,1,0,0,1
Geraldo Perdomo,41355,2,2,78,82,FALSE,NA,NA,Free Agent,3,1,1,0,0,3
Joey Gallo,32818,2,1,78,78,FALSE,NA,NA,Free Agent,0,1,1,0,0,0
Jorge Mateo,33832,14,1,78,78,FALSE,NA,NA,Free Agent,3.5,1,1,0,0,3.5
Jose Siri,33954,2,4,78,82,FALSE,NA,NA,Free Agent,3.5,2,1,0,0,1.75
Taijuan Walker,31864,13,1,78,80,FALSE,NA,NA,Free Agent,28.5,1,0,1,0,28.5
Alek Manoah,42436,1,1,79,82,FALSE,NA,NA,Free Agent,0,0,NA,NA,NA,0
Cal Raleigh,41292,6,3,79,79,FALSE,NA,NA,Free Agent,0,1,1,0,0,0
Daniel Bard,30158,11,2,79,80,TRUE,NA,NA,Free Agent,5,1,0,0,1,5
Emmet Sheehan,4417806,2,0,79,82,FALSE,NA,NA,Free Agent,0,0,0,1,0,0
Eury Perez,4917854,9,1,79,82,FALSE,NA,NA,Free Agent,0,0,NA,NA,NA,0
J.P. France,3662290,14,2,79,82,TRUE,NA,NA,Free Agent,19.5,1,0,1,0,19.5
JP Sears,39818,2,2,79,79,FALSE,NA,NA,Free Agent,15.5,1,0,1,0,15.5
Ryan O'Hearn,35183,11,0,79,82,FALSE,NA,NA,Free Agent,8,3,1,0,0,2.6666666666666665
Scott Barlow,32156,2,6,79,82,TRUE,NA,NA,Free Agent,3,1,0,0,1,3
A.J. Minter,36133,2,3,80,82,TRUE,NA,NA,Free Agent,4,1,0,0,1,4
Andres Gimenez,37729,12,2,80,80,FALSE,NA,NA,Free Agent,7,1,1,0,0,7
Bryan Woo,4629089,1,0,80,82,FALSE,NA,NA,Free Agent,0,0,NA,NA,NA,0
Carlos Santana,30280,14,3,80,82,FALSE,NA,NA,Free Agent,4.5,2,1,0,0,2.25
Ke'Bryan Hayes,35020,4,7,80,82,FALSE,NA,NA,Free Agent,0.5,2,1,0,0,0.25
Luis Severino,33263,6,1,80,81,FALSE,NA,NA,Free Agent,0,0,0,1,0,0
Mike Yastrzemski,33341,13,3,80,82,FALSE,NA,NA,Free Agent,6,2,1,0,0,3
Nick Senzel,36180,11,4,80,82,FALSE,NA,NA,Free Agent,-0.5,2,1,0,0,-0.25
Ryan Noda,40518,8,1,80,82,FALSE,NA,NA,Free Agent,-0.5,2,1,0,0,-0.25
Tyler Stephenson,34975,13,3,80,80,FALSE,NA,NA,Free Agent,4,1,1,0,0,4
Anthony Volpe,42547,13,4,81,82,FALSE,NA,NA,Free Agent,-1.5,2,1,0,0,-0.75
Clarke Schmidt,41085,11,4,81,81,TRUE,NA,NA,Free Agent,5.5,1,0,1,0,5.5
Dean Kremer,38295,12,0,81,81,FALSE,NA,NA,Free Agent,16,1,0,1,0,16
Enrique Hernandez,31358,13,6,81,82,FALSE,NA,NA,Free Agent,4.5,2,1,0,0,2.25
Gavin Williams,4345076,2,0,81,82,FALSE,NA,NA,Free Agent,0,0,NA,NA,NA,0
Jake Fraley,37974,7,1,81,82,FALSE,NA,NA,Free Agent,10,1,1,0,0,10
Josh Winckowski,4713488,13,2,81,81,TRUE,NA,NA,Free Agent,5.5,1,0,0,1,5.5
Owen Miller,41187,13,2,81,82,FALSE,NA,NA,Free Agent,2,1,1,0,0,2
Travis d'Arnaud,29951,1,2,81,82,FALSE,NA,NA,Free Agent,3.5,1,1,0,0,3.5
Zack Greinke,5883,11,2,81,81,FALSE,NA,NA,Free Agent,2,1,0,1,0,2
A.J. Puk,36201,9,2,82,82,TRUE,NA,NA,Free Agent,0,0,NA,NA,NA,0
Alex Lange,40976,11,2,82,82,TRUE,NA,NA,Free Agent,0,0,NA,NA,NA,0
Andrew Benintendi,34986,6,2,82,82,FALSE,NA,NA,Free Agent,0,0,NA,NA,NA,0
Brad Hand,31077,11,0,82,82,TRUE,NA,NA,Free Agent,0,0,NA,NA,NA,0
DJ LeMahieu,30765,6,1,82,82,FALSE,NA,NA,Free Agent,0,0,NA,NA,NA,0
Henry Davis,4418683,11,0,82,82,FALSE,NA,NA,Free Agent,0,0,NA,NA,NA,0
Kevin Newman,35022,12,0,82,82,FALSE,NA,NA,Free Agent,0,0,NA,NA,NA,0
Tanner Scott,35135,13,3,82,82,TRUE,NA,NA,Free Agent,0,0,NA,NA,NA,0
