player,player_id,team_id,stint,start,end,rp_eligible,team_from,teams_involved,trade_id,transaction_type,n_points,n_games,w_bat,w_sp,w_rp,ppg
Aaron Civale,40934,1,0,1,45,FALSE,NA,NA,NA,Draft,71.5,6,0,1,0,11.916666666666666
Aaron Judge,33192,13,0,1,127,FALSE,NA,NA,NA,Draft,429.5,101,1,0,0,4.252475247524752
Aaron Nola,33709,12,0,1,127,FALSE,NA,NA,NA,Draft,359.5,20,0,1,0,17.975
Adbert Alzolay,39802,5,0,1,33,TRUE,NA,NA,NA,Draft,23,11,0,0,1,2.090909090909091
Adley Rutschman,42178,9,0,1,46,FALSE,NA,NA,NA,Draft,98.5,32,1,0,0,3.078125
Adolis Garcia,35537,8,0,1,44,FALSE,NA,NA,NA,Draft,99,30,1,0,0,3.3
Alec Bohm,41169,11,0,1,127,FALSE,NA,NA,NA,Draft,277.5,98,1,0,0,2.8316326530612246
Alex Bregman,34886,4,0,1,127,FALSE,NA,NA,NA,Draft,239.5,96,1,0,0,2.4947916666666665
Alex Lange,40976,13,0,1,54,TRUE,NA,NA,NA,Draft,40,17,0,0,1,2.3529411764705883
Alex Verdugo,33786,1,0,1,15,FALSE,NA,NA,NA,Draft,12,7,1,0,0,1.7142857142857142
Alex Vesia,42622,6,0,1,2,TRUE,NA,NA,NA,Draft,1,1,0,0,1,1
Alexis Diaz,4905920,7,0,1,127,TRUE,NA,NA,NA,Draft,117,38,0,0,1,3.0789473684210527
Andres Gimenez,37729,14,0,1,127,FALSE,NA,NA,NA,Draft,200.5,91,1,0,0,2.2032967032967035
Andres Munoz,40939,12,0,1,127,TRUE,NA,NA,NA,Draft,178,40,0,0,1,4.45
Andrew Abbott,4414528,11,0,1,127,FALSE,NA,NA,NA,Draft,217,16,0,1,0,13.5625
Andrew Benintendi,34986,4,0,1,2,FALSE,NA,NA,NA,Draft,0,0,NA,NA,NA,0
Andrew Heaney,32672,5,0,1,21,FALSE,NA,NA,NA,Draft,-5,1,0,1,0,-5
Andrew Vaughn,42394,14,0,1,18,FALSE,NA,NA,NA,Draft,4.5,8,1,0,0,0.5625
Anthony Rizzo,30782,9,0,1,48,FALSE,NA,NA,NA,Draft,84.5,32,1,0,0,2.640625
Anthony Santander,36084,2,0,1,74,FALSE,NA,NA,NA,Draft,144.5,51,1,0,0,2.8333333333333335
Anthony Volpe,42547,14,0,1,127,FALSE,NA,NA,NA,Draft,230,101,1,0,0,2.277227722772277
Austin Hays,36928,5,0,1,21,FALSE,NA,NA,NA,Draft,2,7,1,0,0,0.2857142857142857
Austin Riley,34982,7,0,1,127,FALSE,NA,NA,NA,Draft,213,86,1,0,0,2.4767441860465116
Austin Wells,4683349,11,0,1,14,FALSE,NA,NA,NA,Draft,8.5,4,1,0,0,2.125
Bailey Ober,3107919,5,0,1,127,FALSE,NA,NA,NA,Draft,244,16,0,1,0,15.25
Blake Snell,33748,1,0,1,127,FALSE,NA,NA,NA,Draft,82,8,0,1,0,10.25
Bo Bichette,38904,5,0,1,127,FALSE,NA,NA,NA,Draft,132.5,76,1,0,0,1.743421052631579
Bobby Miller,4326703,6,0,1,113,FALSE,NA,NA,NA,Draft,28.5,5,0,1,0,5.7
Bobby Witt Jr.,42403,8,0,1,127,FALSE,NA,NA,NA,Draft,389.5,102,1,0,0,3.8186274509803924
Brady Singer,41172,14,0,1,10,FALSE,NA,NA,NA,Draft,0,0,NA,NA,NA,0
Brandon Drury,32269,9,0,1,16,FALSE,NA,NA,NA,Draft,6.5,6,1,0,0,1.0833333333333333
Brandon Lowe,39961,2,0,1,15,FALSE,NA,NA,NA,Draft,7.5,5,1,0,0,1.5
Brandon Nimmo,32159,5,0,1,127,FALSE,NA,NA,NA,Draft,291.5,95,1,0,0,3.068421052631579
Brandon Pfaadt,4721302,6,0,1,14,FALSE,NA,NA,NA,Draft,13,1,0,1,0,13
Braxton Garrett,40971,5,0,1,61,FALSE,NA,NA,NA,Draft,0,0,0,1,0,0
Brayan Bello,4720856,8,0,1,18,FALSE,NA,NA,NA,Draft,14.5,2,0,1,0,7.25
Brendan Rodgers,35073,2,0,1,1,FALSE,NA,NA,NA,Draft,0,0,NA,NA,NA,0
Brent Rooker,40926,9,0,1,11,FALSE,NA,NA,NA,Draft,-2.5,2,1,0,0,-1.25
Bryan Abreu,41208,4,0,1,11,TRUE,NA,NA,NA,Draft,-6,1,0,0,1,-6
Bryan De La Cruz,40787,5,0,1,127,FALSE,NA,NA,NA,Draft,195,93,1,0,0,2.096774193548387
Bryan Reynolds,38980,12,0,1,54,FALSE,NA,NA,NA,Draft,103.5,41,1,0,0,2.524390243902439
Bryan Woo,4629089,8,0,1,32,FALSE,NA,NA,NA,Draft,0,0,NA,NA,NA,0
Bryce Harper,30951,9,0,1,127,FALSE,NA,NA,NA,Draft,313.5,85,1,0,0,3.6882352941176473
Bryce Miller,4654313,14,0,1,127,FALSE,NA,NA,NA,Draft,281.5,18,0,1,0,15.63888888888889
Bryson Stott,42417,5,0,1,127,FALSE,NA,NA,NA,Draft,218,92,1,0,0,2.369565217391304
Byron Buxton,32655,1,0,1,48,FALSE,NA,NA,NA,Draft,47,27,1,0,0,1.7407407407407407
CJ Abrams,42402,7,0,1,127,FALSE,NA,NA,NA,Draft,275.5,93,1,0,0,2.9623655913978495
Cal Raleigh,41292,5,0,1,127,FALSE,NA,NA,NA,Draft,214.5,96,1,0,0,2.234375
Camilo Doval,41337,11,0,1,127,TRUE,NA,NA,NA,Draft,124.5,40,0,0,1,3.1125
Carlos Correa,32653,13,0,1,127,FALSE,NA,NA,NA,Draft,236.5,74,1,0,0,3.195945945945946
Carlos Estevez,34861,1,0,1,127,TRUE,NA,NA,NA,Draft,139,31,0,0,1,4.483870967741935
Carlos Rodon,33696,1,0,1,127,FALSE,NA,NA,NA,Draft,268.5,20,0,1,0,13.425
Cedric Mullins,35578,1,0,1,29,FALSE,NA,NA,NA,Draft,61,18,1,0,0,3.388888888888889
Charlie Blackmon,31084,6,0,1,4,FALSE,NA,NA,NA,Draft,0,0,NA,NA,NA,0
Charlie Morton,29155,11,0,1,127,FALSE,NA,NA,NA,Draft,228.5,17,0,1,0,13.441176470588236
Chas McCormick,40574,11,0,1,24,FALSE,NA,NA,NA,Draft,19,12,1,0,0,1.5833333333333333
Chris Bassitt,33148,5,0,1,127,FALSE,NA,NA,NA,Draft,229.5,17,0,1,0,13.5
Chris Devenski,32511,13,0,1,13,TRUE,NA,NA,NA,Draft,6.5,2,0,0,1,3.25
Chris Sale,30948,12,0,1,127,FALSE,NA,NA,NA,Draft,357,18,0,1,0,19.833333333333332
Chris Taylor,32900,11,0,1,10,FALSE,NA,NA,NA,Draft,-1.5,2,1,0,0,-0.75
Christian Encarnacion-Strand,5012106,8,0,1,32,FALSE,NA,NA,NA,Draft,30.5,17,1,0,0,1.7941176470588236
Christian Walker,32758,5,0,1,127,FALSE,NA,NA,NA,Draft,297,102,1,0,0,2.911764705882353
Christian Yelich,31283,4,0,1,127,FALSE,NA,NA,NA,Draft,254.5,73,1,0,0,3.4863013698630136
Christopher Morel,42927,9,0,1,127,FALSE,NA,NA,NA,Draft,212,98,1,0,0,2.163265306122449
Clarke Schmidt,41085,1,0,1,3,FALSE,NA,NA,NA,Draft,0,0,NA,NA,NA,0
Clay Holmes,32827,9,0,1,127,TRUE,NA,NA,NA,Draft,140,41,0,0,1,3.4146341463414633
Cody Bellinger,33912,8,0,1,127,FALSE,NA,NA,NA,Draft,195,78,1,0,0,2.5
Cole Ragans,41054,4,0,1,127,TRUE,NA,NA,NA,Draft,379.5,21,0,1,0,18.071428571428573
Colt Keith,4683384,4,0,1,20,FALSE,NA,NA,NA,Draft,15,8,1,0,0,1.875
Corbin Burnes,39878,5,0,1,127,FALSE,NA,NA,NA,Draft,358.5,19,0,1,0,18.86842105263158
Corbin Carroll,42404,9,0,1,48,FALSE,NA,NA,NA,Draft,62.5,33,1,0,0,1.893939393939394
Corey Seager,32691,6,0,1,127,FALSE,NA,NA,NA,Draft,252.5,87,1,0,0,2.9022988505747125
Craig Kimbrel,30653,8,0,1,127,TRUE,NA,NA,NA,Draft,178.5,40,0,0,1,4.4625
Cristian Javier,41261,1,0,1,77,FALSE,NA,NA,NA,Draft,56,6,0,1,0,9.333333333333334
DJ LeMahieu,30765,1,0,1,3,FALSE,NA,NA,NA,Draft,0,0,NA,NA,NA,0
DL Hall,41018,13,0,1,9,TRUE,NA,NA,NA,Draft,0,0,NA,NA,NA,0
Dansby Swanson,34895,9,0,1,106,FALSE,NA,NA,NA,Draft,127,73,1,0,0,1.7397260273972603
Daulton Varsho,40963,5,0,1,127,FALSE,NA,NA,NA,Draft,185.5,85,1,0,0,2.1823529411764704
David Bednar,38303,1,0,1,29,TRUE,NA,NA,NA,Draft,-12.5,5,0,0,1,-2.5
David Robertson,29172,11,0,1,9,TRUE,NA,NA,NA,Draft,3,1,0,0,1,3
Dean Kremer,38295,7,0,1,27,FALSE,NA,NA,NA,Draft,31,3,0,1,0,10.333333333333334
Domingo German,33660,11,0,1,9,FALSE,NA,NA,NA,Draft,0,0,NA,NA,NA,0
Dylan Cease,34943,13,0,1,127,FALSE,NA,NA,NA,Draft,371,21,0,1,0,17.666666666666668
Eduardo Rodriguez,32675,13,0,1,85,FALSE,NA,NA,NA,Draft,0,0,NA,NA,NA,0
Edward Cabrera,40944,6,0,1,9,FALSE,NA,NA,NA,Draft,0,0,NA,NA,NA,0
Edwin Diaz,35394,4,0,1,127,TRUE,NA,NA,NA,Draft,98,29,0,0,1,3.3793103448275863
Elly De La Cruz,4917694,14,0,1,127,FALSE,NA,NA,NA,Draft,292,100,1,0,0,2.92
Eloy Jimenez,33867,6,0,1,64,FALSE,NA,NA,NA,Draft,62,33,1,0,0,1.878787878787879
Emmanuel Clase,41743,8,0,1,127,TRUE,NA,NA,NA,Draft,224.5,47,0,0,1,4.776595744680851
Erik Swanson,36013,9,0,1,3,TRUE,NA,NA,NA,Draft,0,0,NA,NA,NA,0
Esteury Ruiz,39680,8,0,1,17,FALSE,NA,NA,NA,Draft,9.5,3,1,0,0,3.1666666666666665
Eugenio Suarez,32367,7,0,1,68,FALSE,NA,NA,NA,Draft,83.5,52,1,0,0,1.6057692307692308
Eury Perez,4917854,2,0,1,16,FALSE,NA,NA,NA,Draft,0,0,NA,NA,NA,0
Evan Carter,4917921,14,0,1,73,FALSE,NA,NA,NA,Draft,87.5,45,1,0,0,1.9444444444444444
Evan Phillips,37911,6,0,1,47,TRUE,NA,NA,NA,Draft,68,14,0,0,1,4.857142857142857
Ezequiel Tovar,4905919,14,0,1,127,FALSE,NA,NA,NA,Draft,233.5,98,1,0,0,2.38265306122449
Fernando Tatis Jr.,35983,12,0,1,126,FALSE,NA,NA,NA,Draft,226.5,79,1,0,0,2.867088607594937
Framber Valdez,36581,7,0,1,127,FALSE,NA,NA,NA,Draft,225.5,16,0,1,0,14.09375
Francisco Alvarez,41253,4,0,1,31,FALSE,NA,NA,NA,Draft,31,16,1,0,0,1.9375
Francisco Lindor,32129,1,0,1,18,FALSE,NA,NA,NA,Draft,1.5,7,1,0,0,0.21428571428571427
Freddie Freeman,30193,14,0,1,127,FALSE,NA,NA,NA,Draft,337.5,102,1,0,0,3.3088235294117645
Freddy Peralta,39825,4,0,1,20,FALSE,NA,NA,NA,Draft,39.5,2,0,1,0,19.75
Gabriel Moreno,42464,8,0,1,49,FALSE,NA,NA,NA,Draft,17.5,13,1,0,0,1.3461538461538463
Gavin Lux,40423,12,0,1,11,FALSE,NA,NA,NA,Draft,5,4,1,0,0,1.25
Gavin Williams,4345076,8,0,1,13,FALSE,NA,NA,NA,Draft,0,0,NA,NA,NA,0
George Kirby,42406,6,0,1,127,FALSE,NA,NA,NA,Draft,361,21,0,1,0,17.19047619047619
George Springer,32078,6,0,1,20,FALSE,NA,NA,NA,Draft,28,11,1,0,0,2.5454545454545454
Gerrit Cole,32081,14,0,1,127,FALSE,NA,NA,NA,Draft,65,6,0,1,0,10.833333333333334
Giancarlo Stanton,30583,12,0,1,98,FALSE,NA,NA,NA,Draft,174.5,68,1,0,0,2.5661764705882355
Gleyber Torres,33804,9,0,1,32,FALSE,NA,NA,NA,Draft,28.5,21,1,0,0,1.3571428571428572
Graham Pauley,4622931,13,0,1,8,FALSE,NA,NA,NA,Draft,-0.5,1,1,0,0,-0.5
Grayson Rodriguez,41196,14,0,1,127,FALSE,NA,NA,NA,Draft,256.5,17,0,1,0,15.088235294117647
Griffin Canning,41065,12,0,1,11,FALSE,NA,NA,NA,Draft,0,0,0,1,0,0
Gunnar Henderson,42507,11,0,1,127,FALSE,NA,NA,NA,Draft,370,99,1,0,0,3.7373737373737375
Ha-Seong Kim,4089862,11,0,1,127,FALSE,NA,NA,NA,Draft,233.5,101,1,0,0,2.3118811881188117
Hector Neris,32377,7,0,1,11,TRUE,NA,NA,NA,Draft,2.5,1,0,0,1,2.5
Hunter Brown,4717803,9,0,1,20,FALSE,NA,NA,NA,Draft,-8,1,0,1,0,-8
Hunter Greene,39635,12,0,1,127,FALSE,NA,NA,NA,Draft,240,15,0,1,0,16
Hunter Renfroe,33205,14,0,1,10,FALSE,NA,NA,NA,Draft,-0.5,1,1,0,0,-0.5
Ian Happ,34945,7,0,1,127,FALSE,NA,NA,NA,Draft,273,97,1,0,0,2.814432989690722
Isaac Paredes,39706,13,0,1,54,FALSE,NA,NA,NA,Draft,53.5,23,1,0,0,2.3260869565217392
J.D. Martinez,31065,7,0,1,127,FALSE,NA,NA,NA,Draft,164.5,70,1,0,0,2.35
J.P. Crawford,33210,4,0,1,127,FALSE,NA,NA,NA,Draft,177,77,1,0,0,2.2987012987012987
J.T. Realmuto,32177,12,0,1,93,FALSE,NA,NA,NA,Draft,110.5,51,1,0,0,2.1666666666666665
Jack Suwinski,36754,1,0,1,17,FALSE,NA,NA,NA,Draft,16.5,8,1,0,0,2.0625
Jackson Chourio,4917869,8,0,1,38,FALSE,NA,NA,NA,Draft,37,22,1,0,0,1.6818181818181819
Jackson Holliday,5080633,8,0,1,73,FALSE,NA,NA,NA,Draft,1,10,1,0,0,0.1
Jackson Merrill,4872691,4,0,1,2,FALSE,NA,NA,NA,Draft,3.5,2,1,0,0,1.75
Jake Burger,39882,6,0,1,127,FALSE,NA,NA,NA,Draft,126,67,1,0,0,1.8805970149253732
Jake Cronenworth,36364,12,0,1,127,FALSE,NA,NA,NA,Draft,248,97,1,0,0,2.556701030927835
James Outman,41802,7,0,1,34,FALSE,NA,NA,NA,Draft,29,22,1,0,0,1.3181818181818181
Jarred Kelenic,41150,13,0,1,25,FALSE,NA,NA,NA,Draft,15.5,10,1,0,0,1.55
Jarren Duran,41610,13,0,1,80,FALSE,NA,NA,NA,Draft,169,60,1,0,0,2.816666666666667
Jazz Chisholm Jr.,41433,8,0,1,127,FALSE,NA,NA,NA,Draft,243,98,1,0,0,2.479591836734694
Jeff McNeil,33900,4,0,1,77,FALSE,NA,NA,NA,Draft,101,57,1,0,0,1.7719298245614035
Jeimer Candelario,32531,9,0,1,23,FALSE,NA,NA,NA,Draft,18,12,1,0,0,1.5
Jeremy Pena,41273,12,0,1,127,FALSE,NA,NA,NA,Draft,213.5,98,1,0,0,2.1785714285714284
Jesus Luzardo,39667,9,0,1,96,FALSE,NA,NA,NA,Draft,93,9,0,1,0,10.333333333333334
Jhoan Duran,41109,9,0,1,127,TRUE,NA,NA,NA,Draft,122,35,0,0,1,3.4857142857142858
Joe Kelly,31992,12,0,1,2,TRUE,NA,NA,NA,Draft,4,1,0,0,1,4
Joe Musgrove,34848,2,0,1,75,FALSE,NA,NA,NA,Draft,50.5,8,0,1,0,6.3125
Joe Ryan,42450,8,0,1,127,FALSE,NA,NA,NA,Draft,305,18,0,1,0,16.944444444444443
Joel Payamps,40021,6,0,1,15,TRUE,NA,NA,NA,Draft,6,4,0,0,1,1.5
Joey Meneses,34534,5,0,1,13,FALSE,NA,NA,NA,Draft,6.5,4,1,0,0,1.625
John Means,39948,12,0,1,13,FALSE,NA,NA,NA,Draft,0,0,NA,NA,NA,0
Jon Gray,33203,13,0,1,111,FALSE,NA,NA,NA,Draft,157.5,16,0,0.8888888888888888,0.11111111111111116,9.84375
Jonah Heim,33842,11,0,1,2,FALSE,NA,NA,NA,Draft,0,0,NA,NA,NA,0
Jonathan India,41171,13,0,1,127,FALSE,NA,NA,NA,Draft,237.5,92,1,0,0,2.5815217391304346
Jordan Montgomery,38173,14,0,1,73,FALSE,NA,NA,NA,Draft,59,8,0,1,0,7.375
Jordan Romano,36380,14,0,1,84,TRUE,NA,NA,NA,Draft,37.5,15,0,0,1,2.5
Jordan Walker,4684778,4,0,1,25,FALSE,NA,NA,NA,Draft,1.5,8,1,0,0,0.1875
Jorge Polanco,32525,12,0,1,21,FALSE,NA,NA,NA,Draft,2,8,1,0,0,0.25
Jorge Soler,32558,2,0,1,50,FALSE,NA,NA,NA,Draft,60.5,34,1,0,0,1.7794117647058822
Jose Abreu,33095,12,0,1,18,FALSE,NA,NA,NA,Draft,0.5,7,1,0,0,0.07142857142857142
Jose Altuve,31662,11,0,1,127,FALSE,NA,NA,NA,Draft,273.5,98,1,0,0,2.7908163265306123
Jose Alvarado,36063,6,0,1,10,TRUE,NA,NA,NA,Draft,-11,1,0,0,1,-11
Jose Berrios,32811,7,0,1,127,FALSE,NA,NA,NA,Draft,281,20,0,1,0,14.05
Jose Leclerc,33926,9,0,1,15,TRUE,NA,NA,NA,Draft,-9.5,3,0,0,1,-3.1666666666666665
Jose Ramirez,32801,5,0,1,127,FALSE,NA,NA,NA,Draft,367,97,1,0,0,3.783505154639175
Josh Bell,32517,12,0,1,103,FALSE,NA,NA,NA,Draft,161.5,83,1,0,0,1.9457831325301205
Josh Hader,32760,5,0,1,127,TRUE,NA,NA,NA,Draft,186,44,0,0,1,4.2272727272727275
Josh Jung,42437,12,0,1,105,FALSE,NA,NA,NA,Draft,28,4,1,0,0,7
Josh Lowe,40557,7,0,1,65,FALSE,NA,NA,NA,Draft,26,14,1,0,0,1.8571428571428572
Josh Naylor,35066,13,0,1,127,FALSE,NA,NA,NA,Draft,281.5,92,1,0,0,3.0597826086956523
Josiah Gray,41165,5,0,1,16,FALSE,NA,NA,NA,Draft,-9.5,2,0,1,0,-4.75
Juan Soto,36969,7,0,1,127,FALSE,NA,NA,NA,Draft,407,98,1,0,0,4.153061224489796
Julio Rodriguez,41044,1,0,1,127,FALSE,NA,NA,NA,Draft,207.5,100,1,0,0,2.075
Jung Hoo Lee,5134621,6,0,1,24,FALSE,NA,NA,NA,Draft,26.5,11,1,0,0,2.409090909090909
Junior Caminero,4905921,7,0,1,87,FALSE,NA,NA,NA,Draft,0,0,NA,NA,NA,0
Jurickson Profar,31117,2,0,1,1,FALSE,NA,NA,NA,Draft,1.5,1,1,0,0,1.5
Justin Steele,41022,6,0,1,127,FALSE,NA,NA,NA,Draft,246,14,0,1,0,17.571428571428573
Justin Turner,29607,5,0,1,89,FALSE,NA,NA,NA,Draft,86.5,50,1,0,0,1.73
Justin Verlander,6341,11,0,1,29,FALSE,NA,NA,NA,Draft,0,0,NA,NA,NA,0
Ke'Bryan Hayes,35020,4,0,1,52,FALSE,NA,NA,NA,Draft,64,34,1,0,0,1.8823529411764706
Keibert Ruiz,38827,7,0,1,28,FALSE,NA,NA,NA,Draft,13,8,1,0,0,1.625
Kenley Jansen,29630,1,0,1,125,TRUE,NA,NA,NA,Draft,136.5,34,0,0,1,4.014705882352941
Kenta Maeda,34892,5,0,1,21,FALSE,NA,NA,NA,Draft,2.5,2,0,1,0,1.25
Kerry Carpenter,42714,14,0,1,18,FALSE,NA,NA,NA,Draft,11.5,8,1,0,0,1.4375
Ketel Marte,32512,5,0,1,127,FALSE,NA,NA,NA,Draft,330,97,1,0,0,3.402061855670103
Kevin Gausman,32667,14,0,1,127,FALSE,NA,NA,NA,Draft,255,20,0,1,0,12.75
Kodai Senga,4142421,7,0,1,127,FALSE,NA,NA,NA,Draft,0,0,NA,NA,NA,0
Kris Bryant,33172,2,0,1,12,FALSE,NA,NA,NA,Draft,-1,3,1,0,0,-0.3333333333333333
Kutter Crawford,41277,4,0,1,127,TRUE,NA,NA,NA,Draft,246.5,17,0,1,0,14.5
Kyle Bradish,4311625,11,0,1,94,FALSE,NA,NA,NA,Draft,107,7,0,1,0,15.285714285714286
Kyle Finnegan,36543,11,0,1,16,TRUE,NA,NA,NA,Draft,5.5,3,0,0,1,1.8333333333333333
Kyle Harrison,4683375,2,0,1,70,FALSE,NA,NA,NA,Draft,112,8,0,1,0,14
Kyle Schwarber,33712,6,0,1,80,FALSE,NA,NA,NA,Draft,177.5,60,1,0,0,2.9583333333333335
Kyle Tucker,34967,12,0,1,127,FALSE,NA,NA,NA,Draft,242,60,1,0,0,4.033333333333333
LaMonte Wade Jr.,37798,14,0,1,6,FALSE,NA,NA,NA,Draft,0,0,NA,NA,NA,0
Lance Lynn,30820,4,0,1,1,FALSE,NA,NA,NA,Draft,0,0,NA,NA,NA,0
Lane Thomas,36409,5,0,1,48,FALSE,NA,NA,NA,Draft,23.5,13,1,0,0,1.8076923076923077
Lars Nootbaar,4448736,9,0,1,30,FALSE,NA,NA,NA,Draft,18,6,1,0,0,3
Logan Gilbert,41221,12,0,1,127,FALSE,NA,NA,NA,Draft,440,21,0,1,0,20.952380952380953
Logan O'Hoppe,42047,8,0,1,16,FALSE,NA,NA,NA,Draft,0,0,1,0,0,0
Logan Webb,41216,5,0,1,127,FALSE,NA,NA,NA,Draft,283.5,19,0,1,0,14.921052631578947
Lourdes Gurriel Jr.,36040,9,0,1,75,FALSE,NA,NA,NA,Draft,117.5,51,1,0,0,2.303921568627451
Luis Arraez,39572,11,0,1,127,FALSE,NA,NA,NA,Draft,219,95,1,0,0,2.305263157894737
Luis Campusano,40521,2,0,1,2,FALSE,NA,NA,NA,Draft,8,2,1,0,0,4
Luis Castillo,35124,4,0,1,127,FALSE,NA,NA,NA,Draft,331,21,0,1,0,15.761904761904763
Luis Rengifo,37237,14,0,1,13,FALSE,NA,NA,NA,Draft,4.5,3,1,0,0,1.5
Luis Robert Jr.,39631,12,0,1,127,FALSE,NA,NA,NA,Draft,123.5,48,1,0,0,2.5729166666666665
Luis Severino,33263,9,0,1,13,FALSE,NA,NA,NA,Draft,3,1,0,1,0,3
MJ Melendez,40948,13,0,1,32,FALSE,NA,NA,NA,Draft,35,15,1,0,0,2.3333333333333335
MacKenzie Gore,39636,14,0,1,18,FALSE,NA,NA,NA,Draft,9,1,0,1,0,9
Manny Machado,31097,8,0,1,44,FALSE,NA,NA,NA,Draft,68.5,30,1,0,0,2.283333333333333
Marcell Ozuna,31668,2,0,1,127,FALSE,NA,NA,NA,Draft,344.5,99,1,0,0,3.4797979797979797
Marcus Semien,32146,4,0,1,127,FALSE,NA,NA,NA,Draft,280,99,1,0,0,2.8282828282828283
Marcus Stroman,32815,9,0,1,45,FALSE,NA,NA,NA,Draft,84.5,6,0,1,0,14.083333333333334
Mark Canha,31670,9,0,1,16,FALSE,NA,NA,NA,Draft,18,6,1,0,0,3
Masataka Yoshida,4872598,7,0,1,60,FALSE,NA,NA,NA,Draft,46,23,1,0,0,2
Mason Miller,4730225,2,0,1,127,TRUE,NA,NA,NA,Draft,185.5,34,0,0,1,5.455882352941177
Matt Chapman,33857,1,0,1,125,FALSE,NA,NA,NA,Draft,237.5,95,1,0,0,2.5
Matt McLain,4422899,2,0,1,7,FALSE,NA,NA,NA,Draft,0,0,NA,NA,NA,0
Matt Olson,32767,4,0,1,127,FALSE,NA,NA,NA,Draft,199.5,99,1,0,0,2.015151515151515
Max Fried,32685,7,0,1,127,FALSE,NA,NA,NA,Draft,280.5,17,0,1,0,16.5
Max Kepler,31870,13,0,1,13,FALSE,NA,NA,NA,Draft,-1,1,1,0,0,-1
Max Muncy,33303,2,0,1,127,FALSE,NA,NA,NA,Draft,113,40,1,0,0,2.825
Max Scherzer,28976,1,0,1,127,FALSE,NA,NA,NA,Draft,63.5,6,0,1,0,10.583333333333334
Merrill Kelly,32968,11,0,1,127,FALSE,NA,NA,NA,Draft,78,4,0,1,0,19.5
Michael Harris II,42470,14,0,1,74,FALSE,NA,NA,NA,Draft,117.5,56,1,0,0,2.0982142857142856
Michael King,40429,2,0,1,127,TRUE,NA,NA,NA,Draft,283.5,17,0,0.9523809523809523,0.04761904761904767,16.676470588235293
Mike Trout,30836,2,0,1,18,FALSE,NA,NA,NA,Draft,24,8,1,0,0,3
Mitch Haniger,32771,7,0,1,46,FALSE,NA,NA,NA,Draft,56,31,1,0,0,1.8064516129032258
Mitch Keller,33722,12,0,1,125,FALSE,NA,NA,NA,Draft,276.5,19,0,1,0,14.552631578947368
Mookie Betts,33039,1,0,1,95,FALSE,NA,NA,NA,Draft,252.5,72,1,0,0,3.5069444444444446
Nathan Eovaldi,31174,12,0,1,127,FALSE,NA,NA,NA,Draft,212.5,13,0,1,0,16.346153846153847
Nathaniel Lowe,40538,2,0,1,127,FALSE,NA,NA,NA,Draft,170,78,1,0,0,2.1794871794871793
Nestor Cortes,36480,13,0,1,127,FALSE,NA,NA,NA,Draft,278,20,0,1,0,13.9
Nick Castellanos,31187,14,0,1,51,FALSE,NA,NA,NA,Draft,57,38,1,0,0,1.5
Nick Lodolo,42433,13,0,1,80,FALSE,NA,NA,NA,Draft,150.5,9,0,1,0,16.72222222222222
Nick Pivetta,36071,8,0,1,127,TRUE,NA,NA,NA,Draft,192.5,14,0,1,0,13.75
Nico Hoerner,41219,7,0,1,127,FALSE,NA,NA,NA,Draft,224.5,93,1,0,0,2.413978494623656
Nolan Arenado,31261,1,0,1,127,FALSE,NA,NA,NA,Draft,203,92,1,0,0,2.2065217391304346
Nolan Gorman,41174,6,0,1,127,FALSE,NA,NA,NA,Draft,183.5,90,1,0,0,2.0388888888888888
Nolan Jones,37340,5,0,1,56,FALSE,NA,NA,NA,Draft,23.5,23,1,0,0,1.0217391304347827
Oneil Cruz,39712,6,0,1,24,FALSE,NA,NA,NA,Draft,23,14,1,0,0,1.6428571428571428
Ozzie Albies,33783,8,0,1,125,FALSE,NA,NA,NA,Draft,237,90,1,0,0,2.6333333333333333
Pablo Lopez,39671,14,0,1,127,FALSE,NA,NA,NA,Draft,230,18,0,1,0,12.777777777777779
Paul Goldschmidt,31027,7,0,1,127,FALSE,NA,NA,NA,Draft,193.5,97,1,0,0,1.9948453608247423
Paul Sewald,35009,14,0,1,127,TRUE,NA,NA,NA,Draft,97,26,0,0,1,3.730769230769231
Pete Alonso,37498,13,0,1,127,FALSE,NA,NA,NA,Draft,262,99,1,0,0,2.6464646464646466
Pete Fairbanks,42180,4,0,1,34,TRUE,NA,NA,NA,Draft,11,8,0,0,1,1.375
Rafael Devers,33859,13,0,1,127,FALSE,NA,NA,NA,Draft,309,86,1,0,0,3.5930232558139537
Raisel Iglesias,33618,14,0,1,127,TRUE,NA,NA,NA,Draft,161.5,37,0,0,1,4.364864864864865
Randy Arozarena,36488,8,0,1,127,FALSE,NA,NA,NA,Draft,208.5,94,1,0,0,2.2180851063829787
Reid Detmers,4326697,6,0,1,74,FALSE,NA,NA,NA,Draft,103,12,0,1,0,8.583333333333334
Reynaldo Lopez,33860,7,0,1,127,TRUE,NA,NA,NA,Draft,268.5,16,0,1,0,16.78125
Rhys Hoskins,35291,1,0,1,44,FALSE,NA,NA,NA,Draft,74,28,1,0,0,2.642857142857143
Riley Greene,42179,6,0,1,127,FALSE,NA,NA,NA,Draft,290,98,1,0,0,2.9591836734693877
Robert Suarez,4148749,12,0,1,127,TRUE,NA,NA,NA,Draft,179.5,40,0,0,1,4.4875
Ronald Acuna Jr.,36185,2,0,1,68,FALSE,NA,NA,NA,Draft,134,49,1,0,0,2.7346938775510203
Royce Lewis,40635,6,0,1,20,FALSE,NA,NA,NA,Draft,7,1,1,0,0,7
Ryan Helsley,39909,5,0,1,127,TRUE,NA,NA,NA,Draft,215.5,43,0,0,1,5.011627906976744
Ryan McMahon,33247,13,0,1,13,FALSE,NA,NA,NA,Draft,9,5,1,0,0,1.8
Ryan Pepiot,4208281,2,0,1,127,TRUE,NA,NA,NA,Draft,227.5,17,0,1,0,13.382352941176471
Ryan Pressly,33072,2,0,1,24,TRUE,NA,NA,NA,Draft,6,7,0,0,1,0.8571428571428571
Sal Frelick,4417795,6,0,1,9,FALSE,NA,NA,NA,Draft,0,0,NA,NA,NA,0
Salvador Perez,31127,1,0,1,48,FALSE,NA,NA,NA,Draft,112,35,1,0,0,3.2
Sean Murphy,33557,2,0,1,108,FALSE,NA,NA,NA,Draft,40,26,1,0,0,1.5384615384615385
Seiya Suzuki,4142424,4,0,1,46,FALSE,NA,NA,NA,Draft,52.5,15,1,0,0,3.5
Seth Lugo,34873,9,0,1,48,FALSE,NA,NA,NA,Draft,115.5,5,0,1,0,23.1
Shane Baz,39639,1,0,1,10,FALSE,NA,NA,NA,Draft,0,0,NA,NA,NA,0
Shane Bieber,40912,11,0,1,18,FALSE,NA,NA,NA,Draft,55.5,2,0,1,0,27.75
Shohei Ohtani,39832,11,0,1,127,FALSE,NA,NA,NA,Draft,420.5,98,1,0,0,4.290816326530612
Shota Imanaga,5134630,4,0,1,127,FALSE,NA,NA,NA,Draft,299,17,0,1,0,17.58823529411765
Sonny Gray,32082,7,0,1,127,FALSE,NA,NA,NA,Draft,265,16,0,1,0,16.5625
Spencer Steer,4722857,11,0,1,127,FALSE,NA,NA,NA,Draft,277.5,99,1,0,0,2.803030303030303
Spencer Strider,4307825,6,0,1,24,FALSE,NA,NA,NA,Draft,12.5,2,0,1,0,6.25
Spencer Torkelson,4424286,6,0,1,75,FALSE,NA,NA,NA,Draft,94.5,54,1,0,0,1.75
Steven Kwan,41996,13,0,1,127,FALSE,NA,NA,NA,Draft,244,73,1,0,0,3.3424657534246576
TJ Friedl,36020,13,0,1,127,FALSE,NA,NA,NA,Draft,48.5,18,1,0,0,2.6944444444444446
Tanner Bibee,4345278,8,0,1,127,FALSE,NA,NA,NA,Draft,268,19,0,1,0,14.105263157894736
Tanner Scott,35135,8,0,1,127,TRUE,NA,NA,NA,Draft,187,42,0,0,1,4.4523809523809526
Tarik Skubal,42409,2,0,1,127,FALSE,NA,NA,NA,Draft,387,19,0,1,0,20.36842105263158
Taylor Ward,34923,11,0,1,127,FALSE,NA,NA,NA,Draft,219,98,1,0,0,2.2346938775510203
Teoscar Hernandez,33377,4,0,1,127,FALSE,NA,NA,NA,Draft,283,100,1,0,0,2.83
Thairo Estrada,36485,8,0,1,22,FALSE,NA,NA,NA,Draft,14.5,12,1,0,0,1.2083333333333333
Tommy Edman,39907,11,0,1,127,FALSE,NA,NA,NA,Draft,0,0,NA,NA,NA,0
Trea Turner,33710,14,0,1,74,FALSE,NA,NA,NA,Draft,99.5,32,1,0,0,3.109375
Trevor Story,32150,1,0,1,18,FALSE,NA,NA,NA,Draft,13,8,1,0,0,1.625
Triston Casas,41180,12,0,1,124,FALSE,NA,NA,NA,Draft,57,22,1,0,0,2.590909090909091
Triston McKenzie,34954,11,0,1,91,FALSE,NA,NA,NA,Draft,122,11,0,1,0,11.090909090909092
Ty France,35591,4,0,1,17,FALSE,NA,NA,NA,Draft,7.5,5,1,0,0,1.5
Tyler Glasnow,33190,2,0,1,127,FALSE,NA,NA,NA,Draft,348,18,0,1,0,19.333333333333332
Tyler O'Neill,34168,6,0,1,127,FALSE,NA,NA,NA,Draft,217,72,1,0,0,3.013888888888889
Vaughn Grissom,42503,7,0,1,12,FALSE,NA,NA,NA,Draft,0,0,NA,NA,NA,0
Vinnie Pasquantino,4109109,13,0,1,127,FALSE,NA,NA,NA,Draft,252.5,94,1,0,0,2.6861702127659575
Vladimir Guerrero Jr.,35002,2,0,1,127,FALSE,NA,NA,NA,Draft,286,100,1,0,0,2.86
Walker Buehler,39251,9,0,1,59,FALSE,NA,NA,NA,Draft,3.5,1,0,1,0,3.5
Whit Merrifield,32422,11,0,1,15,FALSE,NA,NA,NA,Draft,3.5,4,1,0,0,0.875
Will Smith,38309,6,0,1,127,FALSE,NA,NA,NA,Draft,251,84,1,0,0,2.988095238095238
William Contreras,39895,14,0,1,127,FALSE,NA,NA,NA,Draft,273,97,1,0,0,2.814432989690722
Willson Contreras,32532,13,0,1,127,FALSE,NA,NA,NA,Draft,159.5,56,1,0,0,2.8482142857142856
Willy Adames,33675,1,0,1,127,FALSE,NA,NA,NA,Draft,268,97,1,0,0,2.7628865979381443
Wilmer Flores,30627,2,0,1,25,FALSE,NA,NA,NA,Draft,16.5,13,1,0,0,1.2692307692307692
Wyatt Langford,4719324,1,0,1,47,FALSE,NA,NA,NA,Draft,53.5,31,1,0,0,1.7258064516129032
Xander Bogaerts,31606,7,0,1,127,FALSE,NA,NA,NA,Draft,87,47,1,0,0,1.851063829787234
Yainer Diaz,4781491,8,0,1,127,FALSE,NA,NA,NA,Draft,203,89,1,0,0,2.2808988764044944
Yandy Diaz,33481,11,0,1,127,FALSE,NA,NA,NA,Draft,206,90,1,0,0,2.2888888888888888
Yennier Cano,35536,12,0,1,29,TRUE,NA,NA,NA,Draft,19,8,0,0,1,2.375
Yordan Alvarez,36018,13,0,1,127,FALSE,NA,NA,NA,Draft,335,96,1,0,0,3.4895833333333335
Yoshinobu Yamamoto,4872587,1,0,1,44,FALSE,NA,NA,NA,Draft,103,7,0,1,0,14.714285714285714
Yu Darvish,32055,4,0,1,108,FALSE,NA,NA,NA,Draft,99,8,0,1,0,12.375
Yuki Matsui,4142414,2,0,1,2,TRUE,NA,NA,NA,Draft,4.5,2,0,0,1,2.25
Yusei Kikuchi,41415,7,0,1,127,FALSE,NA,NA,NA,Draft,254.5,18,0,1,0,14.13888888888889
Zac Gallen,39910,8,0,1,127,FALSE,NA,NA,NA,Draft,174.5,15,0,1,0,11.633333333333333
Zach Eflin,32804,9,0,1,127,FALSE,NA,NA,NA,Draft,168,14,0,1,0,12
Zack Gelof,4414531,9,0,1,28,FALSE,NA,NA,NA,Draft,31,18,1,0,0,1.7222222222222223
Zack Wheeler,31267,9,0,1,127,FALSE,NA,NA,NA,Draft,399,20,0,1,0,19.95
Edouard Julien,3985190,2,0,2,14,FALSE,NA,NA,NA,Free Agent,1.5,3,1,0,0,0.5
Gavin Stone,4417230,4,0,2,11,FALSE,NA,NA,NA,Free Agent,0,0,NA,NA,NA,0
A.J. Puk,36201,4,0,3,10,TRUE,NA,NA,NA,Free Agent,0,0,0,1,0,0
Davis Schneider,4997181,2,0,3,12,FALSE,NA,NA,NA,Free Agent,0,0,1,0,0,0
Griffin Jax,42604,2,0,3,19,TRUE,NA,NA,NA,Free Agent,16,3,0,0,1,5.333333333333333
Lance Lynn,30820,11,1,3,59,FALSE,NA,NA,NA,Free Agent,83.5,9,0,1,0,9.277777777777779
Mitch Garver,33667,2,0,3,6,FALSE,NA,NA,NA,Free Agent,0,0,NA,NA,NA,0
Orlando Arcia,32530,12,0,3,9,FALSE,NA,NA,NA,Free Agent,0,0,NA,NA,NA,0
Parker Meadows,41223,4,0,3,14,FALSE,NA,NA,NA,Free Agent,5.5,4,1,0,0,1.375
Ryan Mountcastle,34940,6,0,3,127,FALSE,NA,NA,NA,Free Agent,208.5,86,1,0,0,2.4244186046511627
Frankie Montas,33249,1,0,4,21,FALSE,NA,NA,NA,Free Agent,43,3,0,1,0,14.333333333333334
Jackson Merrill,4872691,1,1,4,127,FALSE,NA,NA,NA,Free Agent,215,93,1,0,0,2.3118279569892475
Jeff Hoffman,33841,9,0,4,13,TRUE,NA,NA,NA,Free Agent,8.5,3,0,0,1,2.8333333333333335
Brendan Donovan,41773,6,0,5,9,FALSE,NA,NA,NA,Free Agent,0,1,1,0,0,0
Jason Adam,32145,14,0,7,32,TRUE,NA,NA,NA,Free Agent,37.5,11,0,0,1,3.409090909090909
Masyn Winn,4683365,2,0,7,12,FALSE,NA,NA,NA,Free Agent,3.5,3,1,0,0,1.1666666666666667
Jordan Westburg,4298641,2,0,8,12,FALSE,NA,NA,NA,Free Agent,5.5,2,1,0,0,2.75
Aroldis Chapman,30442,13,0,9,30,TRUE,NA,NA,NA,Free Agent,27.5,9,0,0,1,3.0555555555555554
Charlie Blackmon,31084,6,1,10,40,FALSE,NA,NA,NA,Free Agent,49,22,1,0,0,2.227272727272727
Clarke Schmidt,41085,11,1,10,10,FALSE,NA,NA,NA,Free Agent,0,0,NA,NA,NA,0
Garrett Crochet,4297835,6,0,10,12,TRUE,NA,NA,NA,Free Agent,0,0,NA,NA,NA,0
Garrett Whitlock,39674,11,0,10,31,TRUE,NA,NA,NA,Free Agent,28.5,2,0,1,0,14.25
Kevin Ginkel,41432,12,0,10,13,TRUE,NA,NA,NA,Free Agent,2,1,0,0,1,2
Logan Allen,4683350,13,0,10,10,FALSE,NA,NA,NA,Free Agent,6,1,0,1,0,6
Maikel Garcia,4905884,6,0,10,127,FALSE,NA,NA,NA,Free Agent,216,91,1,0,0,2.3736263736263736
JP Sears,39818,14,0,11,11,FALSE,NA,NA,NA,Free Agent,-5.5,1,0,1,0,-5.5
Jonathan Loaisiga,39807,6,0,11,12,TRUE,NA,NA,NA,Free Agent,-1.5,1,0,0,1,-1.5
Jordan Hicks,37909,1,0,11,84,TRUE,NA,NA,NA,Free Agent,137.5,12,0,1,0,11.458333333333334
Michael Conforto,33711,4,0,11,83,FALSE,NA,NA,NA,Free Agent,82,40,1,0,0,2.05
Michael Soroka,34984,13,0,11,11,FALSE,NA,NA,NA,Free Agent,-1.5,1,0,1,0,-1.5
Oswaldo Cabrera,40835,11,0,11,22,FALSE,NA,NA,NA,Free Agent,14,7,1,0,0,2
Tommy Henry,4423337,11,0,11,12,FALSE,NA,NA,NA,Free Agent,-1,1,0,1,0,-1
Yuki Matsui,4142414,14,1,11,24,TRUE,NA,NA,NA,Free Agent,13.5,6,0,0,1,2.25
A.J. Minter,36133,4,0,12,14,TRUE,NA,NA,NA,Free Agent,5,2,0,0,1,2.5
Brooks Raley,32005,13,0,12,12,TRUE,NA,NA,NA,Free Agent,5,1,0,0,1,5
Connor Joe,35440,14,0,12,127,FALSE,NA,NA,NA,Free Agent,147,78,1,0,0,1.8846153846153846
Jared Jones,4918156,4,0,12,46,FALSE,NA,NA,NA,Free Agent,124,6,0,1,0,20.666666666666668
Nick Martini,36497,9,0,12,15,FALSE,NA,NA,NA,Free Agent,4,3,1,0,0,1.3333333333333333
Orlando Arcia,32530,12,1,12,88,FALSE,NA,NA,NA,Free Agent,99,66,1,0,0,1.5
Tanner Houck,41009,12,0,12,127,FALSE,NA,NA,NA,Free Agent,336.5,18,0,1,0,18.694444444444443
Tyler Wells,4717904,7,0,12,19,FALSE,NA,NA,NA,Free Agent,24,2,0,1,0,12
Brady Singer,41172,6,1,13,80,FALSE,NA,NA,NA,Free Agent,139,11,0,1,0,12.636363636363637
Clarke Schmidt,41085,11,2,13,14,FALSE,NA,NA,NA,Free Agent,0,0,NA,NA,NA,0
Ian Hamilton,41127,6,0,13,24,TRUE,NA,NA,NA,Free Agent,13,3,0,0,1,4.333333333333333
Jack Flaherty,33837,2,0,13,17,FALSE,NA,NA,NA,Free Agent,0,0,NA,NA,NA,0
Jose Caballero,42135,2,0,13,19,FALSE,NA,NA,NA,Free Agent,4,3,1,0,0,1.3333333333333333
Luis Campusano,40521,2,1,13,50,FALSE,NA,NA,NA,Free Agent,56.5,29,1,0,0,1.9482758620689655
Paul Skenes,4719507,7,0,13,127,FALSE,NA,NA,NA,Free Agent,279.5,12,0,1,0,23.291666666666668
Sean Manaea,33244,13,0,13,36,TRUE,NA,NA,NA,Free Agent,50.5,4,0,1,0,12.625
Will Benson,39216,2,0,13,33,FALSE,NA,NA,NA,Free Agent,25.5,15,1,0,0,1.7
Abner Uribe,4917865,9,0,14,26,TRUE,NA,NA,NA,Free Agent,-3,4,0,0,1,-0.75
Brendan Donovan,41773,14,1,14,127,FALSE,NA,NA,NA,Free Agent,232,91,1,0,0,2.5494505494505493
Casey Mize,41167,5,0,14,19,FALSE,NA,NA,NA,Free Agent,4.5,1,0,1,0,4.5
Ezequiel Duran,42457,12,0,14,14,FALSE,NA,NA,NA,Free Agent,0.5,1,1,0,0,0.5
Jose Alvarado,36063,12,1,14,15,TRUE,NA,NA,NA,Free Agent,0,0,NA,NA,NA,0
Josh Sborz,36178,13,0,14,15,TRUE,NA,NA,NA,Free Agent,0,0,NA,NA,NA,0
Justin Foscue,4298639,13,0,14,15,FALSE,NA,NA,NA,Free Agent,0,0,NA,NA,NA,0
Louie Varland,4917888,13,0,14,14,TRUE,NA,NA,NA,Free Agent,2.5,1,0,1,0,2.5
Luis Gil,40626,9,0,14,26,FALSE,NA,NA,NA,Free Agent,12.5,1,0,1,0,12.5
Ronel Blanco,41829,8,0,14,127,TRUE,NA,NA,NA,Free Agent,271,16,0,1,0,16.9375
Starling Marte,30830,5,0,14,127,FALSE,NA,NA,NA,Free Agent,155,62,1,0,0,2.5
Zack Littell,36052,8,0,14,29,TRUE,NA,NA,NA,Free Agent,30.5,3,0,1,0,10.166666666666666
Brice Turang,41179,2,0,15,127,FALSE,NA,NA,NA,Free Agent,209,91,1,0,0,2.2967032967032965
Cristopher Sanchez,42359,13,0,15,19,FALSE,NA,NA,NA,Free Agent,0.5,1,0,1,0,0.5
Daniel Hudson,30376,11,0,15,33,TRUE,NA,NA,NA,Free Agent,25,7,0,0,1,3.5714285714285716
David Robertson,29172,4,1,15,31,TRUE,NA,NA,NA,Free Agent,20,7,0,0,1,2.857142857142857
Garrett Crochet,4297835,4,1,15,95,TRUE,NA,NA,NA,Free Agent,246.5,14,0,1,0,17.607142857142858
Jonah Heim,33842,11,1,15,15,FALSE,NA,NA,NA,Free Agent,0.5,1,1,0,0,0.5
Jordan Westburg,4298641,12,1,15,15,FALSE,NA,NA,NA,Free Agent,-1,1,1,0,0,-1
Logan Allen,4683350,6,1,15,15,FALSE,NA,NA,NA,Free Agent,25.5,1,0,1,0,25.5
Adam Ottavino,29705,13,0,16,22,TRUE,NA,NA,NA,Free Agent,13,3,0,0,1,4.333333333333333
Brandon Marsh,40803,9,0,16,28,FALSE,NA,NA,NA,Free Agent,23,11,1,0,0,2.090909090909091
Brett Baty,42414,6,0,16,16,FALSE,NA,NA,NA,Free Agent,5,2,1,0,0,2.5
Brooks Raley,32005,6,1,16,16,TRUE,NA,NA,NA,Free Agent,5,1,0,0,1,5
Carson Kelly,32797,1,0,16,16,FALSE,NA,NA,NA,Free Agent,-1.5,1,1,0,0,-1.5
Gio Urshela,32721,11,0,16,19,FALSE,NA,NA,NA,Free Agent,9.5,2,1,0,0,4.75
Jason Foley,42698,12,0,16,16,TRUE,NA,NA,NA,Free Agent,3,1,0,0,1,3
Michael A. Taylor,32219,11,0,16,19,FALSE,NA,NA,NA,Free Agent,4.5,2,1,0,0,2.25
Parker Meadows,41223,2,1,16,17,FALSE,NA,NA,NA,Free Agent,2.5,3,1,0,0,0.8333333333333334
Shelby Miller,30738,9,0,16,33,TRUE,NA,NA,NA,Free Agent,14.5,5,0,0,1,2.9
Yoan Moncada,33984,12,0,16,21,FALSE,NA,NA,NA,Free Agent,7,6,1,0,0,1.1666666666666667
Zach McKinstry,38420,13,0,16,19,FALSE,NA,NA,NA,Free Agent,4.5,3,1,0,0,1.5
Alec Marsh,4424276,8,0,17,25,TRUE,NA,NA,NA,Free Agent,6,2,0,1,0,3
Alex Kirilloff,40636,1,0,17,27,FALSE,NA,NA,NA,Free Agent,10.5,8,1,0,0,1.3125
Alex Verdugo,33786,12,1,17,127,FALSE,NA,NA,NA,Free Agent,204,90,1,0,0,2.2666666666666666
Brandon Pfaadt,4721302,5,1,17,28,FALSE,NA,NA,NA,Free Agent,7.5,2,0,1,0,3.75
Gavin Stone,4417230,6,1,17,19,FALSE,NA,NA,NA,Free Agent,-4,1,0,1,0,-4
Jonah Heim,33842,11,2,17,40,FALSE,NA,NA,NA,Free Agent,42.5,19,1,0,0,2.236842105263158
Jordan Westburg,4298641,9,2,17,17,FALSE,NA,NA,NA,Free Agent,0.5,1,1,0,0,0.5
Kyle Gibson,31053,9,0,17,17,FALSE,NA,NA,NA,Free Agent,0,0,NA,NA,NA,0
Michael Wacha,32640,2,0,17,26,FALSE,NA,NA,NA,Free Agent,32.5,2,0,1,0,16.25
Ranger Suarez,39817,6,0,17,30,FALSE,NA,NA,NA,Free Agent,88,3,0,1,0,29.333333333333332
JJ Bleday,42410,4,0,18,21,FALSE,NA,NA,NA,Free Agent,2,3,1,0,0,0.6666666666666666
Jack Flaherty,33837,9,1,18,19,FALSE,2,2 9,1,Trade,1,1,0,1,0,1
Jordan Westburg,4298641,2,3,18,127,FALSE,9,2 9,1,Trade,235.5,86,1,0,0,2.738372093023256
Josh Smith,42884,8,0,18,127,FALSE,NA,NA,NA,Free Agent,211.5,89,1,0,0,2.3764044943820224
Kyle Gibson,31053,2,1,18,19,FALSE,9,2 9,1,Trade,1.5,1,0,1,0,1.5
Nelson Velazquez,41047,9,0,18,23,FALSE,NA,NA,NA,Free Agent,12,5,1,0,0,2.4
Paul Blackburn,32776,1,0,18,43,FALSE,NA,NA,NA,Free Agent,65.5,4,0,1,0,16.375
Cody Bradford,4142539,14,0,19,127,TRUE,NA,NA,NA,Free Agent,26.5,1,0,1,0,26.5
Dane Dunning,36080,1,0,19,22,TRUE,NA,NA,NA,Free Agent,20.5,1,0,1,0,20.5
Francisco Lindor,32129,2,1,19,24,FALSE,1,1 2,2,Trade,13,5,1,0,0,2.6
J.D. Davis,33796,14,0,19,21,FALSE,NA,NA,NA,Free Agent,0,0,1,0,0,0
Joel Payamps,40021,12,1,19,23,TRUE,NA,NA,NA,Free Agent,4,1,0,0,1,4
Joey Bart,41168,11,0,19,19,FALSE,NA,NA,NA,Free Agent,0,0,NA,NA,NA,0
Logan O'Hoppe,42047,8,1,19,36,FALSE,NA,NA,NA,Free Agent,12,8,1,0,0,1.5
Mike Trout,30836,1,1,19,127,FALSE,2,1 2,2,Trade,76.5,21,1,0,0,3.642857142857143
Ryan McMahon,33247,14,1,19,127,FALSE,NA,NA,NA,Free Agent,198.5,89,1,0,0,2.230337078651685
Blaze Alexander,41345,2,0,20,22,FALSE,NA,NA,NA,Free Agent,3,2,1,0,0,1.5
Cavan Biggio,37639,13,0,20,25,FALSE,NA,NA,NA,Free Agent,9,5,1,0,0,1.8
Gavin Sheets,40700,11,0,20,21,FALSE,NA,NA,NA,Free Agent,0,1,1,0,0,0
James Paxton,31980,5,0,20,35,FALSE,NA,NA,NA,Free Agent,26.5,2,0,1,0,13.25
Jason Foley,42698,11,1,20,45,TRUE,NA,NA,NA,Free Agent,31.5,10,0,0,1,3.15
Joey Gallo,32818,9,0,20,21,FALSE,NA,NA,NA,Free Agent,1.5,2,1,0,0,0.75
Justin Slaten,4917925,2,0,20,58,TRUE,NA,NA,NA,Free Agent,40.5,11,0,0,1,3.6818181818181817
Logan Allen,4683350,6,2,20,21,FALSE,NA,NA,NA,Free Agent,-1.5,1,0,1,0,-1.5
Luis Rengifo,37237,2,1,20,24,FALSE,NA,NA,NA,Free Agent,7,4,1,0,0,1.75
Michael Busch,42415,7,0,20,21,FALSE,NA,NA,NA,Free Agent,-1,2,1,0,0,-0.5
Reese Olson,4734319,13,0,20,20,FALSE,NA,NA,NA,Free Agent,-7.5,1,0,1,0,-7.5
Tyler Anderson,32151,11,0,20,127,FALSE,NA,NA,NA,Free Agent,282.5,19,0,1,0,14.868421052631579
Freddy Peralta,39825,6,1,21,127,FALSE,4,4 6,3,Trade,256,18,0,1,0,14.222222222222221
George Springer,32078,4,1,21,127,FALSE,6,4 6,3,Trade,192,82,1,0,0,2.341463414634146
Jose Leclerc,33926,6,1,21,26,TRUE,NA,NA,NA,Free Agent,1,2,0,0,1,0.5
Martin Perez,31098,13,0,21,27,TRUE,NA,NA,NA,Free Agent,32.5,2,0,1,0,16.25
Royce Lewis,40635,4,1,21,127,FALSE,6,4 6,3,Trade,82,22,1,0,0,3.727272727272727
Spencer Turnbull,33732,9,0,21,25,FALSE,NA,NA,NA,Free Agent,2.5,1,0,1,0,2.5
Brett Baty,42414,12,1,22,28,FALSE,NA,NA,NA,Free Agent,10,5,1,0,0,2
Colton Cowser,4416990,4,0,22,57,FALSE,NA,NA,NA,Free Agent,69.5,30,1,0,0,2.316666666666667
Edward Olivares,36463,9,0,22,26,FALSE,NA,NA,NA,Free Agent,2,3,1,0,0,0.6666666666666666
Jake Fraley,37974,5,0,22,33,FALSE,NA,NA,NA,Free Agent,25.5,6,1,0,0,4.25
Jose Alvarado,36063,1,2,22,122,TRUE,NA,NA,NA,Free Agent,95,33,0,0,1,2.878787878787879
Jose Quintana,32106,14,0,22,23,FALSE,NA,NA,NA,Free Agent,7.5,1,0,1,0,7.5
Jose Siri,33954,7,0,22,23,FALSE,NA,NA,NA,Free Agent,1,1,1,0,0,1
Jurickson Profar,31117,11,1,22,127,FALSE,NA,NA,NA,Free Agent,263.5,87,1,0,0,3.028735632183908
Kris Bryant,33172,6,1,22,22,FALSE,NA,NA,NA,Free Agent,-0.5,1,1,0,0,-0.5
MacKenzie Gore,39636,5,1,22,47,FALSE,NA,NA,NA,Free Agent,53,4,0,1,0,13.25
Mark Canha,31670,5,1,22,114,FALSE,NA,NA,NA,Free Agent,136.5,70,1,0,0,1.95
Sal Frelick,4417795,12,1,22,22,FALSE,NA,NA,NA,Free Agent,-0.5,1,1,0,0,-0.5
Tyler Freeman,40958,4,0,22,22,FALSE,NA,NA,NA,Free Agent,0,0,1,0,0,0
Adam Duvall,32664,6,0,23,23,FALSE,NA,NA,NA,Free Agent,3.5,1,1,0,0,3.5
Edouard Julien,3985190,4,1,23,62,FALSE,NA,NA,NA,Free Agent,64.5,35,1,0,0,1.8428571428571427
Hunter Brown,4717803,13,1,23,32,FALSE,NA,NA,NA,Free Agent,-27.5,1,0,1,0,-27.5
Hunter Renfroe,33205,11,1,23,29,FALSE,NA,NA,NA,Free Agent,11.5,6,1,0,0,1.9166666666666667
Jack Suwinski,36754,2,1,23,23,FALSE,NA,NA,NA,Free Agent,0,0,NA,NA,NA,0
Rowdy Tellez,34287,1,0,23,23,FALSE,NA,NA,NA,Free Agent,0,1,1,0,0,0
Ryan Feltner,4019484,8,0,23,25,FALSE,NA,NA,NA,Free Agent,6,1,0,1,0,6
Ty France,35591,12,1,23,27,FALSE,NA,NA,NA,Free Agent,2,4,1,0,0,0.5
Graham Ashcraft,4084179,6,0,24,26,FALSE,NA,NA,NA,Free Agent,17,1,0,1,0,17
Joey Gallo,32818,12,1,24,24,FALSE,NA,NA,NA,Free Agent,0,1,1,0,0,0
Jordan Wicks,4420749,14,0,24,24,FALSE,NA,NA,NA,Free Agent,2,1,0,1,0,2
Jose Caballero,42135,9,1,24,28,FALSE,NA,NA,NA,Free Agent,3.5,4,1,0,0,0.875
Kris Bryant,33172,1,2,24,29,FALSE,NA,NA,NA,Free Agent,0,0,1,0,0,0
Luis Severino,33263,7,1,24,24,FALSE,NA,NA,NA,Free Agent,14,1,0,1,0,14
Michael Busch,42415,9,1,24,58,FALSE,NA,NA,NA,Free Agent,64,29,1,0,0,2.206896551724138
Nick Martinez,33372,2,0,24,24,TRUE,NA,NA,NA,Free Agent,0,0,NA,NA,NA,0
Colt Keith,4683384,2,1,25,27,FALSE,NA,NA,NA,Free Agent,2.5,4,1,0,0,0.625
Dane Dunning,36080,14,1,25,38,TRUE,NA,NA,NA,Free Agent,19.5,2,0,1,0,9.75
Francisco Lindor,32129,6,2,25,127,FALSE,2,2 6,4,Trade,301,87,1,0,0,3.4597701149425286
Ian Hamilton,41127,2,1,25,47,TRUE,6,2 6,4,Trade,16,9,0,0,1,1.7777777777777777
Javier Assad,5002950,14,0,25,105,TRUE,NA,NA,NA,Free Agent,141.5,11,0,1,0,12.863636363636363
Jung Hoo Lee,5134621,2,1,25,55,FALSE,6,2 6,4,Trade,42,22,1,0,0,1.9090909090909092
Marco Gonzales,33158,7,0,25,25,FALSE,NA,NA,NA,Free Agent,16.5,1,0,1,0,16.5
Oneil Cruz,39712,2,1,25,127,FALSE,6,2 6,4,Trade,176.5,70,1,0,0,2.5214285714285714
Oswaldo Cabrera,40835,11,1,25,57,FALSE,NA,NA,NA,Free Agent,53,29,1,0,0,1.8275862068965518
Ryan Pressly,33072,6,1,25,33,TRUE,2,2 6,4,Trade,1,3,0,0,1,0.3333333333333333
Sal Frelick,4417795,6,2,25,29,FALSE,NA,NA,NA,Free Agent,8.5,5,1,0,0,1.7
Tyler Beede,33798,12,0,25,25,TRUE,NA,NA,NA,Free Agent,-3.5,1,0,0,1,-3.5
Brandon Drury,32269,13,1,26,29,FALSE,NA,NA,NA,Free Agent,9,2,1,0,0,4.5
Brayan Bello,4720856,2,1,26,26,FALSE,NA,NA,NA,Free Agent,12.5,1,0,1,0,12.5
Brenton Doyle,42462,8,0,26,127,FALSE,NA,NA,NA,Free Agent,223.5,79,1,0,0,2.829113924050633
Jack Flaherty,33837,9,2,26,127,FALSE,NA,NA,NA,Free Agent,293.5,15,0,1,0,19.566666666666666
Jared Triolo,42933,12,0,26,26,FALSE,NA,NA,NA,Free Agent,2,1,1,0,0,2
Jesse Winker,32833,7,0,26,127,FALSE,NA,NA,NA,Free Agent,199.5,83,1,0,0,2.4036144578313254
Luis Garcia Jr.,40459,8,0,26,43,FALSE,NA,NA,NA,Free Agent,19,11,1,0,0,1.7272727272727273
Luis Rengifo,37237,4,2,26,34,FALSE,NA,NA,NA,Free Agent,16.5,9,1,0,0,1.8333333333333333
Thairo Estrada,36485,13,1,26,36,FALSE,NA,NA,NA,Free Agent,18,11,1,0,0,1.6363636363636365
Blake Perkins,36974,9,0,27,29,FALSE,NA,NA,NA,Free Agent,1,3,1,0,0,0.3333333333333333
Chas McCormick,40574,12,1,27,27,FALSE,NA,NA,NA,Free Agent,0,1,1,0,0,0
Cristopher Sanchez,42359,6,1,27,41,FALSE,NA,NA,NA,Free Agent,27,3,0,1,0,9
Frankie Montas,33249,9,1,27,33,FALSE,NA,NA,NA,Free Agent,-7,2,0,1,0,-3.5
Jonatan Clase,4918159,2,0,27,27,FALSE,NA,NA,NA,Free Agent,1.5,1,1,0,0,1.5
Jose Butto,4905900,9,0,27,39,FALSE,NA,NA,NA,Free Agent,16,2,0,1,0,8
Kevin Ginkel,41432,6,1,27,28,TRUE,NA,NA,NA,Free Agent,0.5,2,0,0,1,0.25
Max Meyer,4345164,2,0,27,27,FALSE,NA,NA,NA,Free Agent,0,0,NA,NA,NA,0
Nelson Velazquez,41047,6,1,27,29,FALSE,NA,NA,NA,Free Agent,4,2,1,0,0,2
Anthony Rendon,32098,1,0,28,32,FALSE,NA,NA,NA,Free Agent,8.5,5,1,0,0,1.7
Edward Cabrera,40944,2,1,28,44,FALSE,NA,NA,NA,Free Agent,10,2,0,1,0,5
Esteury Ruiz,39680,12,1,28,32,FALSE,NA,NA,NA,Free Agent,9.5,3,1,0,0,3.1666666666666665
Jack Leiter,4622181,2,0,28,30,FALSE,NA,NA,NA,Free Agent,0,0,0,1,0,0
Jorge Polanco,32525,12,1,28,33,FALSE,NA,NA,NA,Free Agent,2.5,5,1,0,0,0.5
Ryan Jeffers,41587,7,0,28,127,FALSE,NA,NA,NA,Free Agent,154.5,67,1,0,0,2.3059701492537314
Ryan O'Hearn,35183,2,0,28,127,FALSE,NA,NA,NA,Free Agent,172.5,66,1,0,0,2.6136363636363638
Yuki Matsui,4142414,13,2,28,29,TRUE,NA,NA,NA,Free Agent,3.5,1,0,0,1,3.5
Adam Duvall,32664,9,1,29,39,FALSE,NA,NA,NA,Free Agent,10.5,7,1,0,0,1.5
Gabriel Arias,40344,9,0,29,33,FALSE,NA,NA,NA,Free Agent,0,4,1,0,0,0
Gavin Sheets,40700,9,1,29,38,FALSE,NA,NA,NA,Free Agent,17.5,9,1,0,0,1.9444444444444444
James McArthur,3960883,12,0,29,49,TRUE,NA,NA,NA,Free Agent,19.5,6,0,0,1,3.25
Michael Kopech,33763,6,0,29,34,TRUE,NA,NA,NA,Free Agent,1,2,0,0,1,0.5
Michael Wacha,32640,7,1,29,29,FALSE,NA,NA,NA,Free Agent,18,1,0,1,0,18
Spencer Turnbull,33732,5,1,29,54,FALSE,NA,NA,NA,Free Agent,69,5,0,0.6,0.4,13.8
Amed Rosario,33215,9,0,30,44,FALSE,NA,NA,NA,Free Agent,19,12,1,0,0,1.5833333333333333
Brandon Marsh,40803,8,1,30,79,FALSE,NA,NA,NA,Free Agent,52,24,1,0,0,2.1666666666666665
Cedric Mullins,35578,11,1,30,127,FALSE,1,1 11,5,Trade,112,68,1,0,0,1.6470588235294117
Colin Poche,40364,12,0,30,30,TRUE,NA,NA,NA,Free Agent,5,1,0,0,1,5
Joc Pederson,31392,1,0,30,36,FALSE,NA,NA,NA,Free Agent,8,4,1,0,0,2
Jose Caballero,42135,6,2,30,30,FALSE,NA,NA,NA,Free Agent,-1,1,1,0,0,-1
Jose Siri,33954,13,1,30,30,FALSE,NA,NA,NA,Free Agent,-1.5,1,1,0,0,-1.5
Justin Verlander,6341,1,1,30,127,FALSE,11,1 11,5,Trade,135,10,0,1,0,13.5
Kerry Carpenter,42714,6,1,30,38,FALSE,NA,NA,NA,Free Agent,17,7,1,0,0,2.4285714285714284
LaMonte Wade Jr.,37798,1,1,30,31,FALSE,NA,NA,NA,Free Agent,3,1,1,0,0,3
Logan Allen,4683350,13,3,30,32,FALSE,NA,NA,NA,Free Agent,7.5,1,0,1,0,7.5
Luis Severino,33263,11,2,30,31,FALSE,NA,NA,NA,Free Agent,0,0,NA,NA,NA,0
Mark Leiter Jr.,36202,7,0,30,31,TRUE,NA,NA,NA,Free Agent,0,0,NA,NA,NA,0
Brayan Bello,4720856,13,2,31,47,FALSE,NA,NA,NA,Free Agent,28,1,0,1,0,28
Cavan Biggio,37639,13,1,31,41,FALSE,NA,NA,NA,Free Agent,6,9,1,0,0,0.6666666666666666
Graham Ashcraft,4084179,6,1,31,33,FALSE,NA,NA,NA,Free Agent,2.5,1,0,1,0,2.5
Jeimer Candelario,32531,12,1,31,36,FALSE,NA,NA,NA,Free Agent,8,5,1,0,0,1.6
Lars Nootbaar,4448736,6,1,31,127,FALSE,9,6 9,6,Trade,100,44,1,0,0,2.272727272727273
Max Kepler,31870,2,1,31,106,FALSE,NA,NA,NA,Free Agent,128,52,1,0,0,2.4615384615384617
Ranger Suarez,39817,9,1,31,127,FALSE,6,6 9,6,Trade,245,16,0,1,0,15.3125
Clarke Schmidt,41085,1,3,32,33,FALSE,NA,NA,NA,Free Agent,0,0,NA,NA,NA,0
Ivan Herrera,41889,4,0,32,34,FALSE,NA,NA,NA,Free Agent,-2.5,3,1,0,0,-0.8333333333333334
Martin Perez,31098,7,1,32,33,TRUE,NA,NA,NA,Free Agent,2,1,0,1,0,2
Miles Mikolas,32116,11,0,32,32,FALSE,NA,NA,NA,Free Agent,-0.5,1,0,1,0,-0.5
Reese Olson,4734319,4,1,32,32,FALSE,NA,NA,NA,Free Agent,8,1,0,1,0,8
Zack Littell,36052,11,1,32,62,TRUE,NA,NA,NA,Free Agent,47,4,0,1,0,11.75
Andrew Kittredge,35872,13,0,33,36,TRUE,NA,NA,NA,Free Agent,10.5,3,0,0,1,3.5
Cal Quantrill,39875,8,0,33,42,FALSE,NA,NA,NA,Free Agent,19,2,0,1,0,9.5
Casey Mize,41167,13,1,33,33,FALSE,NA,NA,NA,Free Agent,20.5,1,0,1,0,20.5
Colin Rea,33950,8,0,33,34,FALSE,NA,NA,NA,Free Agent,11.5,1,0,1,0,11.5
Elias Diaz,33594,1,0,33,33,FALSE,NA,NA,NA,Free Agent,4,2,1,0,0,2
Gleyber Torres,33804,13,1,33,127,FALSE,9,9 13,7,Trade,150.5,76,1,0,0,1.980263157894737
Luis Gil,40626,14,1,33,33,FALSE,NA,NA,NA,Free Agent,20.5,1,0,1,0,20.5
MJ Melendez,40948,9,1,33,41,FALSE,13,9 13,7,Trade,0,6,1,0,0,0
Reed Garrett,36526,4,0,33,85,TRUE,NA,NA,NA,Free Agent,63,20,0,0,1,3.15
Ryan Feltner,4019484,11,1,33,35,FALSE,NA,NA,NA,Free Agent,-3,1,0,1,0,-3
Ty France,35591,12,2,33,35,FALSE,NA,NA,NA,Free Agent,3,3,1,0,0,1
Abraham Toro,40754,11,0,34,34,FALSE,NA,NA,NA,Free Agent,2,1,1,0,0,2
Blake Perkins,36974,1,1,34,41,FALSE,NA,NA,NA,Free Agent,13.5,8,1,0,0,1.6875
Blaze Alexander,41345,9,1,34,42,FALSE,NA,NA,NA,Free Agent,9.5,4,1,0,0,2.375
Christian Encarnacion-Strand,5012106,12,1,34,40,FALSE,NA,NA,NA,Free Agent,12.5,6,1,0,0,2.0833333333333335
JoJo Romero,40456,6,0,34,39,TRUE,NA,NA,NA,Free Agent,19.5,4,0,0,1,4.875
Joel Payamps,40021,5,2,34,45,TRUE,NA,NA,NA,Free Agent,15.5,3,0,0,1,5.166666666666667
Kirby Yates,32623,9,0,34,127,TRUE,NA,NA,NA,Free Agent,132.5,28,0,0,1,4.732142857142857
LaMonte Wade Jr.,37798,1,2,34,36,FALSE,NA,NA,NA,Free Agent,3,1,1,0,0,3
Luis Severino,33263,5,3,34,127,FALSE,NA,NA,NA,Free Agent,108,8,0,1,0,13.5
Mark Leiter Jr.,36202,2,1,34,34,TRUE,NA,NA,NA,Free Agent,0,0,NA,NA,NA,0
Michael Wacha,32640,7,2,34,36,FALSE,NA,NA,NA,Free Agent,3,1,0,1,0,3
Sal Frelick,4417795,13,3,34,34,FALSE,NA,NA,NA,Free Agent,-0.5,1,1,0,0,-0.5
Travis d'Arnaud,29951,9,0,34,52,FALSE,NA,NA,NA,Free Agent,19.5,12,1,0,0,1.625
Yimi Garcia,32888,14,0,34,48,TRUE,NA,NA,NA,Free Agent,12,3,0,0,1,4
Zack Gelof,4414531,6,1,34,36,FALSE,NA,NA,NA,Free Agent,6.5,1,1,0,0,6.5
Esteury Ruiz,39680,13,2,35,37,FALSE,NA,NA,NA,Free Agent,-0.5,2,1,0,0,-0.25
Heston Kjerstad,4297758,2,0,35,39,FALSE,NA,NA,NA,Free Agent,0,0,1,0,0,0
Jason Adam,32145,4,1,35,39,TRUE,NA,NA,NA,Free Agent,13.5,2,0,0,1,6.75
Jose Leclerc,33926,11,2,35,38,TRUE,NA,NA,NA,Free Agent,7.5,2,0,0,1,3.75
Keaton Winn,5116843,8,0,35,51,FALSE,NA,NA,NA,Free Agent,-2,3,0,1,0,-0.6666666666666666
Mark Leiter Jr.,36202,6,2,35,41,TRUE,NA,NA,NA,Free Agent,2,4,0,0,1,0.5
Trevor Larnach,41205,7,0,35,38,FALSE,NA,NA,NA,Free Agent,12.5,2,1,0,0,6.25
Tyler Freeman,40958,4,1,35,43,FALSE,NA,NA,NA,Free Agent,15,8,1,0,0,1.875
Tyler Stephenson,34975,4,0,35,39,FALSE,NA,NA,NA,Free Agent,11,4,1,0,0,2.75
Jose Caballero,42135,5,3,36,71,FALSE,NA,NA,NA,Free Agent,32.5,21,1,0,0,1.5476190476190477
Wilyer Abreu,4990055,12,0,36,40,FALSE,NA,NA,NA,Free Agent,14,4,1,0,0,3.5
Abner Uribe,4917865,12,1,37,38,TRUE,NA,NA,NA,Free Agent,6,1,0,0,1,6
Alex Kirilloff,40636,13,1,37,38,FALSE,NA,NA,NA,Free Agent,1,1,1,0,0,1
Bailey Falter,4705677,8,0,37,38,FALSE,NA,NA,NA,Free Agent,0,0,NA,NA,NA,0
Brayan Rocchio,41217,13,0,37,40,FALSE,NA,NA,NA,Free Agent,7,3,1,0,0,2.3333333333333335
Cole Sands,3983841,7,0,37,38,TRUE,NA,NA,NA,Free Agent,2.5,1,0,0,1,2.5
Kyle Finnegan,36543,13,1,37,127,TRUE,NA,NA,NA,Free Agent,144,33,0,0,1,4.363636363636363
Mike Tauchman,33956,1,0,37,91,FALSE,NA,NA,NA,Free Agent,99.5,46,1,0,0,2.1630434782608696
Mitchell Parker,4683356,1,0,37,40,FALSE,NA,NA,NA,Free Agent,4.5,1,0,1,0,4.5
Sal Frelick,4417795,6,4,37,37,FALSE,NA,NA,NA,Free Agent,1.5,1,1,0,0,1.5
Will Brennan,4088296,11,0,37,40,FALSE,NA,NA,NA,Free Agent,7,2,1,0,0,3.5
Brandon Pfaadt,4721302,6,2,38,40,FALSE,NA,NA,NA,Free Agent,24.5,1,0,1,0,24.5
Martin Perez,31098,13,2,38,50,TRUE,NA,NA,NA,Free Agent,30.5,3,0,1,0,10.166666666666666
Andy Pages,42468,12,0,39,75,FALSE,NA,NA,NA,Free Agent,45,30,1,0,0,1.5
Brendan Rodgers,35073,6,1,39,40,FALSE,NA,NA,NA,Free Agent,2.5,1,1,0,0,2.5
Casey Mize,41167,13,2,39,40,FALSE,NA,NA,NA,Free Agent,7,1,0,1,0,7
David Robertson,29172,7,2,39,60,TRUE,NA,NA,NA,Free Agent,37.5,8,0,0,1,4.6875
Erick Fedde,33793,8,0,39,46,FALSE,NA,NA,NA,Free Agent,26,2,0,1,0,13
Fernando Cruz,34068,7,0,39,44,TRUE,NA,NA,NA,Free Agent,-3.5,2,0,0,1,-1.75
Kevin Ginkel,41432,11,2,39,39,TRUE,NA,NA,NA,Free Agent,2.5,1,0,0,1,2.5
Luis Gil,40626,14,2,39,42,FALSE,NA,NA,NA,Free Agent,0,0,NA,NA,NA,0
Michael Lorenzen,33252,8,0,39,40,FALSE,NA,NA,NA,Free Agent,3.5,1,0,1,0,3.5
Tommy Pham,31208,9,0,39,114,FALSE,NA,NA,NA,Free Agent,117.5,54,1,0,0,2.175925925925926
Adam Ottavino,29705,6,1,40,47,TRUE,NA,NA,NA,Free Agent,6.5,3,0,0,1,2.1666666666666665
Bailey Falter,4705677,11,1,40,47,FALSE,NA,NA,NA,Free Agent,10,2,0,1,0,5
Elias Diaz,33594,4,1,40,43,FALSE,NA,NA,NA,Free Agent,6,3,1,0,0,2
Griffin Jax,42604,2,1,40,40,TRUE,NA,NA,NA,Free Agent,4,1,0,0,1,4
Lawrence Butler,4917919,9,0,40,42,FALSE,NA,NA,NA,Free Agent,0.5,2,1,0,0,0.25
Michael Wacha,32640,4,3,40,40,FALSE,NA,NA,NA,Free Agent,2.5,1,0,1,0,2.5
Pete Crow-Armstrong,4717833,9,0,40,41,FALSE,NA,NA,NA,Free Agent,2,2,1,0,0,1
Brent Rooker,40926,2,1,41,41,FALSE,NA,NA,NA,Free Agent,1.5,1,1,0,0,1.5
Connor Wong,40086,11,0,41,127,FALSE,NA,NA,NA,Free Agent,118.5,54,1,0,0,2.1944444444444446
Esteury Ruiz,39680,13,3,41,43,FALSE,NA,NA,NA,Free Agent,6,3,1,0,0,2
Jacob Young,4414210,11,0,41,41,FALSE,NA,NA,NA,Free Agent,5,1,1,0,0,5
Jake Fraley,37974,6,1,41,41,FALSE,NA,NA,NA,Free Agent,-1,1,1,0,0,-1
Jason Adam,32145,4,2,41,53,TRUE,NA,NA,NA,Free Agent,16,5,0,0,1,3.2
Javier Baez,32127,13,0,41,42,FALSE,NA,NA,NA,Free Agent,2,1,1,0,0,2
Joey Loperfido,4297976,12,0,41,45,FALSE,NA,NA,NA,Free Agent,5.5,3,1,0,0,1.8333333333333333
Jorge Polanco,32525,6,2,41,54,FALSE,NA,NA,NA,Free Agent,3,7,1,0,0,0.42857142857142855
Kerry Carpenter,42714,6,2,41,48,FALSE,NA,NA,NA,Free Agent,8.5,7,1,0,0,1.2142857142857142
Nick Senzel,36180,12,0,41,47,FALSE,NA,NA,NA,Free Agent,10.5,7,1,0,0,1.5
Reese Olson,4734319,1,2,41,41,FALSE,NA,NA,NA,Free Agent,0,0,NA,NA,NA,0
Andrew Kittredge,35872,13,1,42,46,TRUE,NA,NA,NA,Free Agent,5,1,0,0,1,5
Brandon Pfaadt,4721302,6,3,42,47,FALSE,NA,NA,NA,Free Agent,11,1,0,1,0,11
Carlos Santana,30280,1,0,42,43,FALSE,NA,NA,NA,Free Agent,1.5,2,1,0,0,0.75
Dane Dunning,36080,1,2,42,48,TRUE,NA,NA,NA,Free Agent,9.5,1,0,1,0,9.5
David Bednar,38303,11,1,42,43,TRUE,NA,NA,NA,Free Agent,0.5,1,0,0,1,0.5
Gavin Sheets,40700,8,2,42,122,FALSE,NA,NA,NA,Free Agent,85,45,1,0,0,1.8888888888888888
JP Sears,39818,9,1,42,46,FALSE,NA,NA,NA,Free Agent,25.5,1,0,1,0,25.5
Jo Adell,40854,9,0,42,89,FALSE,NA,NA,NA,Free Agent,61,40,1,0,0,1.525
JoJo Romero,40456,6,1,42,68,TRUE,NA,NA,NA,Free Agent,44,12,0,0,1,3.6666666666666665
Masyn Winn,4683365,2,1,42,42,FALSE,NA,NA,NA,Free Agent,1.5,2,1,0,0,0.75
Simeon Woods Richardson,41383,6,0,42,42,FALSE,NA,NA,NA,Free Agent,3,1,0,1,0,3
Clarke Schmidt,41085,6,4,43,47,FALSE,NA,NA,NA,Free Agent,0,0,0,1,0,0
Jacob Young,4414210,2,1,43,46,FALSE,NA,NA,NA,Free Agent,0.5,1,1,0,0,0.5
John Means,39948,9,1,43,65,FALSE,NA,NA,NA,Free Agent,25,2,0,1,0,12.5
Jose Butto,4905900,13,1,43,46,FALSE,NA,NA,NA,Free Agent,0,0,0,1,0,0
Josh Rojas,40718,9,0,43,62,FALSE,NA,NA,NA,Free Agent,19,16,1,0,0,1.1875
Slade Cecconi,41462,8,0,43,45,FALSE,NA,NA,NA,Free Agent,-1.5,1,0,1,0,-1.5
Will Benson,39216,14,1,43,73,FALSE,NA,NA,NA,Free Agent,34.5,22,1,0,0,1.5681818181818181
Charlie Blackmon,31084,13,2,44,47,FALSE,NA,NA,NA,Free Agent,2.5,3,1,0,0,0.8333333333333334
Luis Rengifo,37237,4,3,44,95,FALSE,NA,NA,NA,Free Agent,72,33,1,0,0,2.1818181818181817
Mitchell Parker,4683356,1,1,44,44,FALSE,NA,NA,NA,Free Agent,7.5,1,0,1,0,7.5
Tyler Stephenson,34975,4,1,44,46,FALSE,NA,NA,NA,Free Agent,0.5,2,1,0,0,0.25
Victor Gonzalez,42340,11,0,44,45,TRUE,NA,NA,NA,Free Agent,3.5,1,0,0,1,3.5
Willi Castro,34230,8,0,44,127,FALSE,NA,NA,NA,Free Agent,162,70,1,0,0,2.3142857142857145
Wilyer Abreu,4990055,1,1,44,53,FALSE,NA,NA,NA,Free Agent,12.5,8,1,0,0,1.5625
Abraham Toro,40754,1,1,45,48,FALSE,NA,NA,NA,Free Agent,14.5,4,1,0,0,3.625
Adolis Garcia,35537,1,1,45,127,FALSE,8,1 8,8,Trade,109.5,65,1,0,0,1.6846153846153846
Christian Scott,4414215,2,0,45,62,FALSE,NA,NA,NA,Free Agent,40.5,3,0,1,0,13.5
Davis Schneider,4997181,9,1,45,102,FALSE,NA,NA,NA,Free Agent,112,48,1,0,0,2.3333333333333335
Manny Machado,31097,1,1,45,127,FALSE,8,1 8,8,Trade,142.5,63,1,0,0,2.261904761904762
Paul Blackburn,32776,7,1,45,52,FALSE,NA,NA,NA,Free Agent,16.5,2,0,1,0,8.25
Rhys Hoskins,35291,8,1,45,127,FALSE,1,1 8,8,Trade,97.5,48,1,0,0,2.03125
Yoshinobu Yamamoto,4872587,8,1,45,127,FALSE,1,1 8,8,Trade,118.5,7,0,1,0,16.928571428571427
Ben Lively,33194,9,0,46,48,TRUE,NA,NA,NA,Free Agent,20.5,1,0,1,0,20.5
Dane Myers,40048,8,0,46,51,FALSE,NA,NA,NA,Free Agent,1,2,1,0,0,0.5
Dean Kremer,38295,1,1,46,63,FALSE,NA,NA,NA,Free Agent,39,3,0,1,0,13
Hector Neris,32377,5,1,46,75,TRUE,NA,NA,NA,Free Agent,17.5,9,0,0,1,1.9444444444444444
Jameson Taillon,31258,12,0,46,46,FALSE,NA,NA,NA,Free Agent,27,1,0,1,0,27
Keegan Thompson,41086,11,0,46,46,TRUE,NA,NA,NA,Free Agent,-9.5,1,0,0,1,-9.5
Kevin Ginkel,41432,11,3,46,47,TRUE,NA,NA,NA,Free Agent,3,1,0,0,1,3
Adley Rutschman,42178,4,1,47,127,FALSE,9,4 9,9,Trade,180,62,1,0,0,2.903225806451613
Aroldis Chapman,30442,13,1,47,47,TRUE,NA,NA,NA,Free Agent,7.5,1,0,0,1,7.5
Blake Perkins,36974,7,2,47,62,FALSE,NA,NA,NA,Free Agent,1.5,13,1,0,0,0.11538461538461539
Brent Rooker,40926,2,2,47,74,FALSE,NA,NA,NA,Free Agent,80.5,25,1,0,0,3.22
Christian Encarnacion-Strand,5012106,4,2,47,50,FALSE,NA,NA,NA,Free Agent,0,2,1,0,0,0
Cooper Criswell,4326801,8,0,47,61,TRUE,NA,NA,NA,Free Agent,10.5,1,0,1,0,10.5
Jameson Taillon,31258,4,1,47,54,FALSE,NA,NA,NA,Free Agent,0,0,NA,NA,NA,0
Jared Jones,4918156,9,1,47,127,FALSE,4,4 9,9,Trade,113.5,8,0,1,0,14.1875
Joel Payamps,40021,11,3,47,50,TRUE,NA,NA,NA,Free Agent,-10.5,1,0,0,1,-10.5
Joey Loperfido,4297976,12,1,47,47,FALSE,NA,NA,NA,Free Agent,-1,1,1,0,0,-1
MJ Melendez,40948,13,2,47,64,FALSE,NA,NA,NA,Free Agent,13,14,1,0,0,0.9285714285714286
Seiya Suzuki,4142424,9,1,47,127,FALSE,4,4 9,9,Trade,157,61,1,0,0,2.5737704918032787
Aaron Civale,40934,6,1,48,50,FALSE,NA,NA,NA,Free Agent,8,1,0,1,0,8
Amed Rosario,33215,13,1,48,48,FALSE,NA,NA,NA,Free Agent,2.5,1,1,0,0,2.5
Daniel Hudson,30376,6,1,48,61,TRUE,NA,NA,NA,Free Agent,20,4,0,0,1,5
Griffin Jax,42604,12,2,48,48,TRUE,NA,NA,NA,Free Agent,-1.5,1,0,0,1,-1.5
Jackson Chourio,4917869,13,1,48,49,FALSE,NA,NA,NA,Free Agent,1,2,1,0,0,0.5
Jeff Hoffman,33841,6,1,48,127,TRUE,NA,NA,NA,Free Agent,118.5,27,0,0,1,4.388888888888889
Kyle Gibson,31053,1,2,48,49,FALSE,NA,NA,NA,Free Agent,15,1,0,1,0,15
Logan Allen,4683350,13,4,48,54,FALSE,NA,NA,NA,Free Agent,5.5,2,0,1,0,2.75
Lucas Erceg,36618,2,0,48,48,TRUE,NA,NA,NA,Free Agent,-6,1,0,0,1,-6
Luis Gil,40626,5,3,48,127,FALSE,NA,NA,NA,Free Agent,210.5,13,0,1,0,16.192307692307693
Michael Massey,4109223,12,0,48,55,FALSE,NA,NA,NA,Free Agent,12,7,1,0,0,1.7142857142857142
Patrick Wisdom,32861,11,0,48,50,FALSE,NA,NA,NA,Free Agent,1,1,1,0,0,1
Tyler Freeman,40958,6,2,48,97,FALSE,NA,NA,NA,Free Agent,64,33,1,0,0,1.9393939393939394
Abraham Toro,40754,9,2,49,59,FALSE,1,1 9,10,Trade,30.5,11,1,0,0,2.772727272727273
Anthony Rizzo,30782,1,1,49,89,FALSE,9,1 9,10,Trade,52.5,27,1,0,0,1.9444444444444444
Brandon Pfaadt,4721302,5,4,49,54,FALSE,NA,NA,NA,Free Agent,11,1,0,1,0,11
Bryan Woo,4629089,2,1,49,127,FALSE,NA,NA,NA,Free Agent,133.5,10,0,1,0,13.35
Byron Buxton,32655,9,1,49,82,FALSE,1,1 9,10,Trade,27,19,1,0,0,1.4210526315789473
Corbin Carroll,42404,1,1,49,127,FALSE,9,1 9,10,Trade,175,65,1,0,0,2.6923076923076925
Gavin Stone,4417230,6,2,49,50,FALSE,NA,NA,NA,Free Agent,22,1,0,1,0,22
Jason Foley,42698,11,2,49,57,TRUE,NA,NA,NA,Free Agent,17,4,0,0,1,4.25
Jonah Heim,33842,1,3,49,112,FALSE,NA,NA,NA,Free Agent,80.5,48,1,0,0,1.6770833333333333
Jose Butto,4905900,14,2,49,49,FALSE,NA,NA,NA,Free Agent,5.5,1,0,1,0,5.5
Luis Garcia Jr.,40459,9,1,49,57,FALSE,NA,NA,NA,Free Agent,6.5,7,1,0,0,0.9285714285714286
Salvador Perez,31127,9,1,49,127,FALSE,1,1 9,10,Trade,152.5,64,1,0,0,2.3828125
Seth Lugo,34873,1,1,49,127,FALSE,9,1 9,10,Trade,274,14,0,1,0,19.571428571428573
Wilmer Flores,30627,12,1,49,51,FALSE,NA,NA,NA,Free Agent,-0.5,2,1,0,0,-0.25
Yennier Cano,35536,13,1,49,60,TRUE,NA,NA,NA,Free Agent,5,6,0,0,1,0.8333333333333334
JP Sears,39818,14,2,50,50,FALSE,NA,NA,NA,Free Agent,3.5,1,0,1,0,3.5
Luke Weaver,33770,12,0,50,103,TRUE,NA,NA,NA,Free Agent,73,17,0,0,1,4.294117647058823
Shea Langeliers,42598,13,0,50,96,FALSE,NA,NA,NA,Free Agent,78.5,36,1,0,0,2.1805555555555554
Taj Bradley,42480,1,0,50,79,FALSE,NA,NA,NA,Free Agent,30,4,0,1,0,7.5
Ben Lively,33194,14,1,51,127,TRUE,NA,NA,NA,Free Agent,130.5,12,0,1,0,10.875
Elias Diaz,33594,2,2,51,52,FALSE,NA,NA,NA,Free Agent,7,2,1,0,0,3.5
Erick Fedde,33793,6,1,51,64,FALSE,NA,NA,NA,Free Agent,51,3,0,1,0,17
Joc Pederson,31392,11,1,51,51,FALSE,NA,NA,NA,Free Agent,9,1,1,0,0,9
Mitch Haniger,32771,11,1,51,62,FALSE,NA,NA,NA,Free Agent,20.5,11,1,0,0,1.8636363636363635
Taijuan Walker,31864,13,0,51,53,FALSE,NA,NA,NA,Free Agent,16,1,0,1,0,16
Thairo Estrada,36485,2,2,51,51,FALSE,NA,NA,NA,Free Agent,2,1,1,0,0,2
Trevor Larnach,41205,6,1,51,54,FALSE,NA,NA,NA,Free Agent,2,3,1,0,0,0.6666666666666666
Vaughn Grissom,42503,4,1,51,56,FALSE,NA,NA,NA,Free Agent,0.5,5,1,0,0,0.1
Cole Irvin,39869,12,0,52,52,TRUE,NA,NA,NA,Free Agent,13.5,1,0,1,0,13.5
Fernando Cruz,34068,11,1,52,57,TRUE,NA,NA,NA,Free Agent,6.5,3,0,0,1,2.1666666666666665
JJ Bleday,42410,8,1,52,127,FALSE,NA,NA,NA,Free Agent,153,62,1,0,0,2.467741935483871
Jacob Young,4414210,14,2,52,74,FALSE,NA,NA,NA,Free Agent,23,20,1,0,0,1.15
John Schreiber,39949,2,0,52,52,TRUE,NA,NA,NA,Free Agent,5,1,0,0,1,5
Thairo Estrada,36485,8,3,52,127,FALSE,NA,NA,NA,Free Agent,78.5,38,1,0,0,2.0657894736842106
Amed Rosario,33215,4,2,53,61,FALSE,NA,NA,NA,Free Agent,13.5,6,1,0,0,2.25
Hunter Harvey,33191,7,0,53,60,TRUE,NA,NA,NA,Free Agent,6,2,0,0,1,3
Jose Miranda,41000,12,0,53,54,FALSE,NA,NA,NA,Free Agent,-1,1,1,0,0,-1
Kyle Gibson,31053,2,3,53,54,FALSE,NA,NA,NA,Free Agent,12.5,1,0,1,0,12.5
Luis Campusano,40521,2,2,53,68,FALSE,NA,NA,NA,Free Agent,12,13,1,0,0,0.9230769230769231
Paul DeJong,35185,9,0,53,54,FALSE,NA,NA,NA,Free Agent,0.5,2,1,0,0,0.25
Frankie Montas,33249,13,2,54,54,FALSE,NA,NA,NA,Free Agent,0,1,0,1,0,0
MacKenzie Gore,39636,4,2,54,54,FALSE,NA,NA,NA,Free Agent,20,1,0,1,0,20
Nick Castellanos,31187,1,1,54,127,FALSE,NA,NA,NA,Free Agent,155.5,60,1,0,0,2.591666666666667
Andrew Heaney,32672,5,1,55,60,FALSE,NA,NA,NA,Free Agent,6,1,0,1,0,6
Blake Treinen,32185,6,0,55,55,TRUE,NA,NA,NA,Free Agent,3.5,1,0,0,1,3.5
Bryan Abreu,41208,12,1,55,55,TRUE,NA,NA,NA,Free Agent,6.5,1,0,0,1,6.5
Bryan Hudson,4991171,4,0,55,127,TRUE,NA,NA,NA,Free Agent,93.5,20,0,0,1,4.675
Bryan Reynolds,38980,13,1,55,127,FALSE,12,12 13,11,Trade,190,53,1,0,0,3.5849056603773586
Colt Keith,4683384,4,2,55,56,FALSE,NA,NA,NA,Free Agent,1,1,1,0,0,1
Cristopher Sanchez,42359,5,2,55,56,FALSE,NA,NA,NA,Free Agent,7.5,1,0,1,0,7.5
Danny Jansen,35004,9,0,55,90,FALSE,NA,NA,NA,Free Agent,49.5,22,1,0,0,2.25
Evan Phillips,37911,2,1,55,127,TRUE,NA,NA,NA,Free Agent,43.5,20,0,0,1,2.175
Isaac Paredes,39706,12,1,55,127,FALSE,13,12 13,11,Trade,134.5,58,1,0,0,2.3189655172413794
Joe Jimenez,33760,13,0,55,75,TRUE,NA,NA,NA,Free Agent,18,7,0,0,1,2.5714285714285716
LaMonte Wade Jr.,37798,6,3,55,57,FALSE,NA,NA,NA,Free Agent,4.5,3,1,0,0,1.5
Trevor Williams,33305,13,0,55,57,FALSE,NA,NA,NA,Free Agent,10.5,1,0,1,0,10.5
Whit Merrifield,32422,13,1,55,61,FALSE,NA,NA,NA,Free Agent,2,2,1,0,0,1
Carlos Santana,30280,12,1,56,59,FALSE,NA,NA,NA,Free Agent,-0.5,4,1,0,0,-0.125
Dylan Floro,33852,6,0,56,57,TRUE,NA,NA,NA,Free Agent,4,1,0,0,1,4
Michael Kopech,33763,12,1,56,56,TRUE,NA,NA,NA,Free Agent,2,1,0,0,1,2
Zack Gelof,4414531,2,2,56,58,FALSE,NA,NA,NA,Free Agent,-0.5,3,1,0,0,-0.16666666666666666
Brandon Pfaadt,4721302,5,5,57,58,FALSE,NA,NA,NA,Free Agent,30,1,0,1,0,30
Jasson Dominguez,42401,5,0,57,76,FALSE,NA,NA,NA,Free Agent,0,0,NA,NA,NA,0
Jeimer Candelario,32531,4,2,57,73,FALSE,NA,NA,NA,Free Agent,23.5,13,1,0,0,1.8076923076923077
Leody Taveras,34951,4,0,57,69,FALSE,NA,NA,NA,Free Agent,18.5,10,1,0,0,1.85
Wilyer Abreu,4990055,12,2,57,60,FALSE,NA,NA,NA,Free Agent,5.5,4,1,0,0,1.375
Brett Baty,42414,11,2,58,59,FALSE,NA,NA,NA,Free Agent,3,1,1,0,0,3
Ceddanne Rafaela,4987382,11,0,58,59,FALSE,NA,NA,NA,Free Agent,-1.5,1,1,0,0,-1.5
Clarke Schmidt,41085,13,5,58,58,FALSE,NA,NA,NA,Free Agent,33.5,1,0,1,0,33.5
Edmundo Sosa,33809,9,0,58,61,FALSE,NA,NA,NA,Free Agent,2,3,1,0,0,0.6666666666666666
Jake Fraley,37974,6,2,58,58,FALSE,NA,NA,NA,Free Agent,-1.5,1,1,0,0,-1.5
Jared Triolo,42933,11,1,58,59,FALSE,NA,NA,NA,Free Agent,0,0,1,0,0,0
Reese Olson,4734319,4,3,58,62,FALSE,NA,NA,NA,Free Agent,2.5,1,0,1,0,2.5
Trevor Larnach,41205,6,2,58,58,FALSE,NA,NA,NA,Free Agent,-1.5,1,1,0,0,-1.5
Brayan Bello,4720856,13,3,59,59,FALSE,NA,NA,NA,Free Agent,1,1,0,1,0,1
Cole Irvin,39869,2,1,59,59,TRUE,NA,NA,NA,Free Agent,0,0,NA,NA,NA,0
Colton Cowser,4416990,9,1,59,67,FALSE,NA,NA,NA,Free Agent,15,8,1,0,0,1.875
Cristopher Sanchez,42359,5,3,59,61,FALSE,NA,NA,NA,Free Agent,22,1,0,1,0,22
Jorge Soler,32558,6,1,59,127,FALSE,NA,NA,NA,Free Agent,129,52,1,0,0,2.480769230769231
Matt Strahm,34862,2,0,59,60,TRUE,NA,NA,NA,Free Agent,3,1,0,0,1,3
Nolan Jones,37340,6,1,59,67,FALSE,NA,NA,NA,Free Agent,0,0,NA,NA,NA,0
Austin Gomber,34897,11,0,60,69,FALSE,NA,NA,NA,Free Agent,28,1,0,1,0,28
Brandon Pfaadt,4721302,9,6,60,127,FALSE,NA,NA,NA,Free Agent,153,10,0,1,0,15.3
Cal Quantrill,39875,11,1,60,64,FALSE,NA,NA,NA,Free Agent,23,1,0,1,0,23
Clarke Schmidt,41085,8,6,60,72,FALSE,NA,NA,NA,Free Agent,26,2,0,1,0,13
Jameson Taillon,31258,13,2,60,61,FALSE,NA,NA,NA,Free Agent,4.5,1,0,1,0,4.5
Joey Ortiz,42958,12,0,60,63,FALSE,NA,NA,NA,Free Agent,6.5,4,1,0,0,1.625
LaMonte Wade Jr.,37798,9,4,60,63,FALSE,NA,NA,NA,Free Agent,2.5,1,1,0,0,2.5
MacKenzie Gore,39636,2,3,60,60,FALSE,NA,NA,NA,Free Agent,18,1,0,1,0,18
Marcus Stroman,32815,11,1,60,127,FALSE,NA,NA,NA,Free Agent,121.5,10,0,1,0,12.15
Sean Manaea,33244,11,1,60,62,TRUE,NA,NA,NA,Free Agent,9.5,1,0,1,0,9.5
Abraham Toro,40754,5,3,61,96,FALSE,NA,NA,NA,Free Agent,37,27,1,0,0,1.3703703703703705
Alec Burleson,4345070,12,0,61,66,FALSE,NA,NA,NA,Free Agent,8,4,1,0,0,2
Colin Rea,33950,7,1,61,61,FALSE,NA,NA,NA,Free Agent,-2,1,0,1,0,-2
Dylan Moore,40593,7,0,61,76,FALSE,NA,NA,NA,Free Agent,28,13,1,0,0,2.1538461538461537
JP Sears,39818,13,3,61,61,FALSE,NA,NA,NA,Free Agent,3,1,0,1,0,3
Michael Lorenzen,33252,2,1,61,61,FALSE,NA,NA,NA,Free Agent,21.5,1,0,1,0,21.5
Walker Buehler,39251,2,1,61,93,FALSE,NA,NA,NA,Free Agent,20.5,5,0,1,0,4.1
Wenceel Perez,41586,7,0,61,77,FALSE,NA,NA,NA,Free Agent,18,14,1,0,0,1.2857142857142858
A.J. Minter,36133,2,1,62,69,TRUE,NA,NA,NA,Free Agent,13,3,0,0,1,4.333333333333333
Gavin Stone,4417230,5,3,62,64,FALSE,NA,NA,NA,Free Agent,6.5,1,0,1,0,6.5
Jason Adam,32145,7,3,62,89,TRUE,NA,NA,NA,Free Agent,16.5,9,0,0,1,1.8333333333333333
Jason Foley,42698,13,3,62,68,TRUE,NA,NA,NA,Free Agent,-1.5,4,0,0,1,-0.375
Lane Thomas,36409,4,1,62,126,FALSE,NA,NA,NA,Free Agent,149.5,50,1,0,0,2.99
Luis Garcia Jr.,40459,13,2,62,63,FALSE,NA,NA,NA,Free Agent,8.5,1,1,0,0,8.5
Luis Matos,4722941,8,0,62,79,FALSE,NA,NA,NA,Free Agent,13,13,1,0,0,1
MacKenzie Gore,39636,5,4,62,69,FALSE,NA,NA,NA,Free Agent,27.5,1,0,1,0,27.5
Michael Wacha,32640,13,4,62,73,FALSE,NA,NA,NA,Free Agent,49.5,3,0,1,0,16.5
Nick Gonzales,4311634,9,0,62,120,FALSE,NA,NA,NA,Free Agent,104,47,1,0,0,2.2127659574468086
Pete Fairbanks,42180,6,1,62,64,TRUE,NA,NA,NA,Free Agent,4,1,0,0,1,4
Alek Manoah,42436,4,0,63,67,FALSE,NA,NA,NA,Free Agent,0,0,0,1,0,0
Cole Irvin,39869,9,2,63,64,TRUE,NA,NA,NA,Free Agent,0,1,0,0,1,0
David Robertson,29172,11,3,63,71,TRUE,NA,NA,NA,Free Agent,0,3,0,0,1,0
James McArthur,3960883,11,1,63,75,TRUE,NA,NA,NA,Free Agent,-4,4,0,0,1,-1
Kevin Pillar,32859,4,0,63,77,FALSE,NA,NA,NA,Free Agent,10.5,6,1,0,0,1.75
Michael Busch,42415,2,2,63,65,FALSE,NA,NA,NA,Free Agent,1,3,1,0,0,0.3333333333333333
Wilyer Abreu,4990055,11,3,63,64,FALSE,NA,NA,NA,Free Agent,11,2,1,0,0,5.5
Yimi Garcia,32888,7,1,63,89,TRUE,NA,NA,NA,Free Agent,25.5,9,0,0,1,2.8333333333333335
Alex Vesia,42622,12,1,64,64,TRUE,NA,NA,NA,Free Agent,0,0,NA,NA,NA,0
DJ LeMahieu,30765,1,1,64,77,FALSE,NA,NA,NA,Free Agent,8,6,1,0,0,1.3333333333333333
David Fry,41672,9,0,64,113,FALSE,NA,NA,NA,Free Agent,67.5,35,1,0,0,1.9285714285714286
Michael Lorenzen,33252,13,2,64,67,FALSE,NA,NA,NA,Free Agent,20.5,1,0,1,0,20.5
Charlie Blackmon,31084,13,3,65,95,FALSE,NA,NA,NA,Free Agent,49,13,1,0,0,3.769230769230769
Christian Scott,4414215,6,1,65,72,FALSE,NA,NA,NA,Free Agent,31,2,0,1,0,15.5
David Bednar,38303,12,2,65,65,TRUE,NA,NA,NA,Free Agent,4,1,0,0,1,4
Jared Triolo,42933,11,2,65,66,FALSE,NA,NA,NA,Free Agent,1.5,1,1,0,0,1.5
Kerry Carpenter,42714,6,3,65,70,FALSE,NA,NA,NA,Free Agent,18,4,1,0,0,4.5
Luke Raley,40422,5,0,65,69,FALSE,NA,NA,NA,Free Agent,1.5,4,1,0,0,0.375
Mitch Garver,33667,6,1,65,65,FALSE,NA,NA,NA,Free Agent,1,1,1,0,0,1
Reese Olson,4734319,9,4,65,82,FALSE,NA,NA,NA,Free Agent,0,0,0,1,0,0
Tyler Stephenson,34975,11,2,65,65,FALSE,NA,NA,NA,Free Agent,0,0,NA,NA,NA,0
Braxton Garrett,40971,9,1,66,78,FALSE,NA,NA,NA,Free Agent,2.5,2,0,1,0,1.25
Joey Ortiz,42958,2,1,66,105,FALSE,NA,NA,NA,Free Agent,66.5,28,1,0,0,2.375
LaMonte Wade Jr.,37798,7,5,66,70,FALSE,NA,NA,NA,Free Agent,4,3,1,0,0,1.3333333333333333
Michael Massey,4109223,12,1,66,66,FALSE,NA,NA,NA,Free Agent,9.5,1,1,0,0,9.5
Trevor Megill,40080,6,0,66,70,TRUE,NA,NA,NA,Free Agent,1,2,0,0,1,0.5
Willie Calhoun,35238,11,0,66,68,FALSE,NA,NA,NA,Free Agent,-1.5,3,1,0,0,-0.5
Brandon Lowe,39961,12,1,67,67,FALSE,NA,NA,NA,Free Agent,0.5,1,1,0,0,0.5
Wilyer Abreu,4990055,12,4,67,76,FALSE,NA,NA,NA,Free Agent,17,8,1,0,0,2.125
Zack Littell,36052,11,2,67,76,TRUE,NA,NA,NA,Free Agent,22,1,0,1,0,22
Cal Quantrill,39875,9,2,68,68,FALSE,NA,NA,NA,Free Agent,20,1,0,1,0,20
Elias Diaz,33594,6,3,68,71,FALSE,NA,NA,NA,Free Agent,2,3,1,0,0,0.6666666666666666
Luis Garcia Jr.,40459,12,3,68,68,FALSE,NA,NA,NA,Free Agent,0,1,1,0,0,0
Ryan Weathers,41178,4,0,68,70,FALSE,NA,NA,NA,Free Agent,25.5,1,0,1,0,25.5
Sean Manaea,33244,13,2,68,68,TRUE,NA,NA,NA,Free Agent,11.5,1,0,1,0,11.5
Alec Burleson,4345070,7,1,69,127,FALSE,NA,NA,NA,Free Agent,163.5,49,1,0,0,3.336734693877551
Alek Manoah,42436,13,1,69,72,FALSE,NA,NA,NA,Free Agent,6.5,1,0,1,0,6.5
Ceddanne Rafaela,4987382,13,1,69,72,FALSE,NA,NA,NA,Free Agent,-1.5,3,1,0,0,-0.5
Edmundo Sosa,33809,11,1,69,99,FALSE,NA,NA,NA,Free Agent,16,8,1,0,0,2
Jake Meyers,40719,2,0,69,78,FALSE,NA,NA,NA,Free Agent,8,7,1,0,0,1.1428571428571428
Jeremiah Estrada,41014,6,0,69,127,TRUE,NA,NA,NA,Free Agent,68,23,0,0,1,2.9565217391304346
Mark Vientos,41034,9,0,69,127,FALSE,NA,NA,NA,Free Agent,117.5,44,1,0,0,2.6704545454545454
Masyn Winn,4683365,2,2,69,69,FALSE,NA,NA,NA,Free Agent,0.5,1,1,0,0,0.5
Ryan Pressly,33072,12,2,69,70,TRUE,NA,NA,NA,Free Agent,-4,1,0,0,1,-4
Colton Cowser,4416990,2,2,70,71,FALSE,NA,NA,NA,Free Agent,2,2,1,0,0,1
Dane Dunning,36080,5,3,70,71,TRUE,NA,NA,NA,Free Agent,16,1,0,1,0,16
Joc Pederson,31392,11,2,70,73,FALSE,NA,NA,NA,Free Agent,15.5,4,1,0,0,3.875
Jose Soriano,40973,5,0,70,75,TRUE,NA,NA,NA,Free Agent,4.5,1,0,1,0,4.5
Matt Strahm,34862,2,1,70,82,TRUE,NA,NA,NA,Free Agent,15,5,0,0,1,3
Wyatt Langford,4719324,4,1,70,127,FALSE,NA,NA,NA,Free Agent,133.5,45,1,0,0,2.966666666666667
Colt Keith,4683384,6,3,71,73,FALSE,NA,NA,NA,Free Agent,10,4,1,0,0,2.5
David Bednar,38303,12,3,71,71,TRUE,NA,NA,NA,Free Agent,3,1,0,0,1,3
MacKenzie Gore,39636,2,5,71,127,FALSE,NA,NA,NA,Free Agent,38.5,8,0,1,0,4.8125
Michael Busch,42415,7,3,71,79,FALSE,NA,NA,NA,Free Agent,4,7,1,0,0,0.5714285714285714
Pete Fairbanks,42180,6,2,71,127,TRUE,NA,NA,NA,Free Agent,86.5,21,0,0,1,4.119047619047619
Tylor Megill,3332018,4,0,71,81,FALSE,NA,NA,NA,Free Agent,2.5,1,0,1,0,2.5
Adam Duvall,32664,2,2,72,73,FALSE,NA,NA,NA,Free Agent,0.5,2,1,0,0,0.25
Eddie Rosario,31944,12,0,72,72,FALSE,NA,NA,NA,Free Agent,1,1,1,0,0,1
Gavin Stone,4417230,5,4,72,75,FALSE,NA,NA,NA,Free Agent,16,1,0,1,0,16
Masyn Winn,4683365,5,3,72,127,FALSE,NA,NA,NA,Free Agent,104,42,1,0,0,2.4761904761904763
Matt Vierling,41636,6,0,72,82,FALSE,NA,NA,NA,Free Agent,15.5,9,1,0,0,1.7222222222222223
Ty France,35591,11,3,72,72,FALSE,NA,NA,NA,Free Agent,1,1,1,0,0,1
Brayan Bello,4720856,13,4,73,73,FALSE,NA,NA,NA,Free Agent,0,0,NA,NA,NA,0
Cristopher Sanchez,42359,6,4,73,127,FALSE,NA,NA,NA,Free Agent,132,8,0,1,0,16.5
Erick Fedde,33793,12,2,73,73,FALSE,NA,NA,NA,Free Agent,4,1,0,1,0,4
Griffin Jax,42604,11,3,73,79,TRUE,NA,NA,NA,Free Agent,5,1,0,0,1,5
Ryan Weathers,41178,8,1,73,83,FALSE,NA,NA,NA,Free Agent,12,1,0,1,0,12
Yuki Matsui,4142414,13,3,73,84,TRUE,NA,NA,NA,Free Agent,-2,6,0,0,1,-0.3333333333333333
Andrew McCutchen,28701,14,0,74,127,FALSE,NA,NA,NA,Free Agent,88,40,1,0,0,2.2
Ben Brown,41516,6,0,74,76,TRUE,NA,NA,NA,Free Agent,5,1,0,1,0,5
Cal Quantrill,39875,14,3,74,93,FALSE,NA,NA,NA,Free Agent,35,4,0,1,0,8.75
Colton Cowser,4416990,2,3,74,122,FALSE,NA,NA,NA,Free Agent,54.5,34,1,0,0,1.6029411764705883
Hunter Brown,4717803,8,2,74,127,FALSE,NA,NA,NA,Free Agent,163,8,0,1,0,20.375
Jameson Taillon,31258,13,3,74,78,FALSE,NA,NA,NA,Free Agent,0.5,1,0,1,0,0.5
Jose Miranda,41000,4,1,74,76,FALSE,NA,NA,NA,Free Agent,11,2,1,0,0,5.5
Leody Taveras,34951,14,1,74,81,FALSE,NA,NA,NA,Free Agent,2,7,1,0,0,0.2857142857142857
Michael Lorenzen,33252,12,3,74,74,FALSE,NA,NA,NA,Free Agent,25,1,0,1,0,25
Robert Gasser,4918251,13,0,74,74,FALSE,NA,NA,NA,Free Agent,5,1,0,1,0,5
Sal Frelick,4417795,11,5,74,74,FALSE,NA,NA,NA,Free Agent,-1,1,1,0,0,-1
Amed Rosario,33215,14,3,75,75,FALSE,NA,NA,NA,Free Agent,4,1,1,0,0,4
Anthony Santander,36084,14,1,75,127,FALSE,2,2 14,12,Trade,157,43,1,0,0,3.6511627906976742
Brayan Bello,4720856,13,5,75,81,FALSE,NA,NA,NA,Free Agent,-5,1,0,1,0,-5
Brent Rooker,40926,14,3,75,127,FALSE,2,2 14,12,Trade,137.5,41,1,0,0,3.3536585365853657
Cody Poteet,4728692,11,0,75,85,TRUE,NA,NA,NA,Free Agent,8,1,0,1,0,8
Jorge Mateo,33832,12,0,75,75,FALSE,NA,NA,NA,Free Agent,1,1,1,0,0,1
Michael Harris II,42470,2,1,75,127,FALSE,14,2 14,12,Trade,12.5,11,1,0,0,1.1363636363636365
Nolan Jones,37340,6,2,75,116,FALSE,NA,NA,NA,Free Agent,37,20,1,0,0,1.85
Trea Turner,33710,2,1,75,127,FALSE,14,2 14,12,Trade,116.5,29,1,0,0,4.017241379310345
Connor Norby,4417606,12,0,76,80,FALSE,NA,NA,NA,Free Agent,7,3,1,0,0,2.3333333333333335
Cooper Criswell,4326801,5,1,76,82,TRUE,NA,NA,NA,Free Agent,3,1,0,1,0,3
David Bednar,38303,5,4,76,127,TRUE,NA,NA,NA,Free Agent,44.5,10,0,0,1,4.45
Eddie Rosario,31944,2,1,76,76,FALSE,NA,NA,NA,Free Agent,3.5,1,1,0,0,3.5
Hunter Harvey,33191,14,1,76,105,TRUE,NA,NA,NA,Free Agent,1,11,0,0,1,0.09090909090909091
Jake Fraley,37974,6,3,76,76,FALSE,NA,NA,NA,Free Agent,3,1,1,0,0,3
Jeimer Candelario,32531,13,3,76,76,FALSE,NA,NA,NA,Free Agent,10,1,1,0,0,10
Joc Pederson,31392,11,3,76,81,FALSE,NA,NA,NA,Free Agent,3.5,5,1,0,0,0.7
Matt Waldron,4020158,12,0,76,76,FALSE,NA,NA,NA,Free Agent,24,1,0,1,0,24
Miguel Andujar,33743,9,0,76,83,FALSE,NA,NA,NA,Free Agent,5.5,6,1,0,0,0.9166666666666666
Trevor Williams,33305,5,1,76,76,FALSE,NA,NA,NA,Free Agent,0,0,NA,NA,NA,0
Bryan Abreu,41208,4,2,77,127,TRUE,NA,NA,NA,Free Agent,74,18,0,0,1,4.111111111111111
Ceddanne Rafaela,4987382,2,2,77,82,FALSE,NA,NA,NA,Free Agent,6.5,6,1,0,0,1.0833333333333333
Cole Irvin,39869,5,3,77,82,TRUE,NA,NA,NA,Free Agent,11,1,0,1,0,11
Erick Fedde,33793,6,3,77,78,FALSE,NA,NA,NA,Free Agent,9,1,0,1,0,9
JP Sears,39818,13,4,77,79,FALSE,NA,NA,NA,Free Agent,22,1,0,1,0,22
Josh Lowe,40557,12,1,77,81,FALSE,NA,NA,NA,Free Agent,1.5,3,1,0,0,0.5
Ke'Bryan Hayes,35020,12,1,77,86,FALSE,NA,NA,NA,Free Agent,11.5,8,1,0,0,1.4375
Lourdes Gurriel Jr.,36040,7,1,77,127,FALSE,NA,NA,NA,Free Agent,79,33,1,0,0,2.393939393939394
Masataka Yoshida,4872598,5,1,77,127,FALSE,NA,NA,NA,Free Agent,58.5,28,1,0,0,2.0892857142857144
Nelson Velazquez,41047,6,2,77,78,FALSE,NA,NA,NA,Free Agent,0.5,1,1,0,0,0.5
Trevor Megill,40080,11,1,77,81,TRUE,NA,NA,NA,Free Agent,10.5,2,0,0,1,5.25
Cade Povich,5085743,1,0,78,79,FALSE,NA,NA,NA,Free Agent,-1,1,0,1,0,-1
Heliot Ramos,39642,4,0,78,127,FALSE,NA,NA,NA,Free Agent,125.5,40,1,0,0,3.1375
Jake Irvin,41290,1,0,78,94,FALSE,NA,NA,NA,Free Agent,40.5,3,0,1,0,13.5
Jeimer Candelario,32531,4,4,78,80,FALSE,NA,NA,NA,Free Agent,10.5,3,1,0,0,3.5
Luis Garcia Jr.,40459,7,4,78,127,FALSE,NA,NA,NA,Free Agent,89,36,1,0,0,2.4722222222222223
Andy Pages,42468,2,1,79,79,FALSE,NA,NA,NA,Free Agent,4,1,1,0,0,4
Brandon Lowe,39961,9,2,79,127,FALSE,NA,NA,NA,Free Agent,83.5,30,1,0,0,2.783333333333333
Eugenio Suarez,32367,6,1,79,80,FALSE,NA,NA,NA,Free Agent,4.5,2,1,0,0,2.25
Hunter Renfroe,33205,6,2,79,79,FALSE,NA,NA,NA,Free Agent,4.5,1,1,0,0,4.5
John Schreiber,39949,13,1,79,88,TRUE,NA,NA,NA,Free Agent,13,5,0,0,1,2.6
Ben Brown,41516,6,1,80,82,TRUE,NA,NA,NA,Free Agent,5.5,1,0,1,0,5.5
Carlos Santana,30280,7,2,80,127,FALSE,NA,NA,NA,Free Agent,103.5,36,1,0,0,2.875
Jason Heyward,29551,1,0,80,83,FALSE,NA,NA,NA,Free Agent,-2.5,2,1,0,0,-1.25
Jasson Dominguez,42401,2,1,80,87,FALSE,NA,NA,NA,Free Agent,0,0,NA,NA,NA,0
Kyle Gibson,31053,11,4,80,113,FALSE,NA,NA,NA,Free Agent,40.5,3,0,1,0,13.5
Lance Lynn,30820,13,2,80,86,FALSE,NA,NA,NA,Free Agent,9.5,2,0,1,0,4.75
Matt Waldron,4020158,8,1,80,127,FALSE,NA,NA,NA,Free Agent,101,5,0,1,0,20.2
Michael Lorenzen,33252,8,4,80,85,FALSE,NA,NA,NA,Free Agent,2,1,0,1,0,2
Zack Gelof,4414531,1,3,80,81,FALSE,NA,NA,NA,Free Agent,-1,2,1,0,0,-0.5
Andrew Heaney,32672,4,2,81,81,FALSE,NA,NA,NA,Free Agent,10.5,1,0,1,0,10.5
Andy Pages,42468,12,2,81,95,FALSE,NA,NA,NA,Free Agent,40.5,14,1,0,0,2.892857142857143
Dylan Moore,40593,6,1,81,83,FALSE,NA,NA,NA,Free Agent,3,2,1,0,0,1.5
Jarren Duran,41610,6,1,81,127,FALSE,13,6 13,13,Trade,149,37,1,0,0,4.027027027027027
Kyle Schwarber,33712,13,1,81,127,FALSE,6,6 13,13,Trade,102.5,29,1,0,0,3.5344827586206895
Nick Lodolo,42433,6,1,81,127,FALSE,13,6 13,13,Trade,65,5,0,1,0,13
Adam Mazur,5061202,11,0,82,84,FALSE,NA,NA,NA,Free Agent,0,0,0,1,0,0
Blake Perkins,36974,14,3,82,127,FALSE,NA,NA,NA,Free Agent,34.5,20,1,0,0,1.725
Brennan Bernardino,35876,12,0,82,82,TRUE,NA,NA,NA,Free Agent,-1,1,0,0,1,-1
Chris Paddack,35999,11,0,82,94,FALSE,NA,NA,NA,Free Agent,20,3,0,1,0,6.666666666666667
Frankie Montas,33249,13,3,82,82,FALSE,NA,NA,NA,Free Agent,-8.5,1,0,1,0,-8.5
Gavin Stone,4417230,13,5,82,123,FALSE,NA,NA,NA,Free Agent,58,3,0,1,0,19.333333333333332
Hurston Waldrep,4740117,1,0,82,82,FALSE,NA,NA,NA,Free Agent,0,0,0,1,0,0
Jeff McNeil,33900,4,1,82,83,FALSE,NA,NA,NA,Free Agent,3,1,1,0,0,3
Taj Bradley,42480,4,1,82,127,FALSE,NA,NA,NA,Free Agent,141.5,6,0,1,0,23.583333333333332
Adrian Morejon,40917,2,0,83,84,TRUE,NA,NA,NA,Free Agent,10.5,2,0,0,1,5.25
Drew Thorpe,4629086,9,0,83,89,FALSE,NA,NA,NA,Free Agent,0,0,0,1,0,0
Elias Diaz,33594,2,4,83,83,FALSE,NA,NA,NA,Free Agent,-1,1,1,0,0,-1
Erick Fedde,33793,6,4,83,83,FALSE,NA,NA,NA,Free Agent,22.5,1,0,1,0,22.5
Isiah Kiner-Falefa,33572,1,0,83,85,FALSE,NA,NA,NA,Free Agent,-1,1,1,0,0,-1
Jacob deGrom,32796,13,0,83,127,FALSE,NA,NA,NA,Free Agent,0,0,NA,NA,NA,0
Jose Soriano,40973,5,1,83,89,TRUE,NA,NA,NA,Free Agent,24,1,0,1,0,24
Nelson Velazquez,41047,6,3,83,83,FALSE,NA,NA,NA,Free Agent,0.5,1,1,0,0,0.5
Nick Senzel,36180,9,1,83,85,FALSE,NA,NA,NA,Free Agent,1.5,2,1,0,0,0.75
Tyler Stephenson,34975,5,3,83,84,FALSE,NA,NA,NA,Free Agent,-0.5,1,1,0,0,-0.5
Yennier Cano,35536,12,2,83,83,TRUE,NA,NA,NA,Free Agent,6.5,1,0,0,1,6.5
Jeimer Candelario,32531,1,5,84,105,FALSE,NA,NA,NA,Free Agent,44.5,14,1,0,0,3.1785714285714284
Joc Pederson,31392,2,4,84,85,FALSE,NA,NA,NA,Free Agent,-0.5,2,1,0,0,-0.25
Matt Vierling,41636,9,1,84,105,FALSE,NA,NA,NA,Free Agent,32,17,1,0,0,1.8823529411764706
Mike Yastrzemski,33341,12,0,84,84,FALSE,NA,NA,NA,Free Agent,0,1,1,0,0,0
Miles Mikolas,32116,6,1,84,85,FALSE,NA,NA,NA,Free Agent,30,1,0,1,0,30
Mitchell Parker,4683356,4,2,84,85,FALSE,NA,NA,NA,Free Agent,9.5,1,0,1,0,9.5
Reese Olson,4734319,4,5,84,88,FALSE,NA,NA,NA,Free Agent,0,1,0,1,0,0
Trevor Larnach,41205,6,3,84,89,FALSE,NA,NA,NA,Free Agent,8.5,4,1,0,0,2.125
Tylor Megill,3332018,6,1,84,84,FALSE,NA,NA,NA,Free Agent,9.5,1,0,1,0,9.5
Austin Gomber,34897,13,1,85,85,FALSE,NA,NA,NA,Free Agent,-15.5,1,0,1,0,-15.5
Bailey Falter,4705677,14,2,85,87,FALSE,NA,NA,NA,Free Agent,2.5,1,0,1,0,2.5
Byron Buxton,32655,12,2,85,95,FALSE,NA,NA,NA,Free Agent,22.5,8,1,0,0,2.8125
Jason Heyward,29551,11,1,85,85,FALSE,NA,NA,NA,Free Agent,3,1,1,0,0,3
Paul DeJong,35185,1,1,85,88,FALSE,NA,NA,NA,Free Agent,-0.5,1,1,0,0,-0.5
Scott Barlow,32156,2,0,85,89,TRUE,NA,NA,NA,Free Agent,11.5,3,0,0,1,3.8333333333333335
Wenceel Perez,41586,6,1,85,92,FALSE,NA,NA,NA,Free Agent,14.5,6,1,0,0,2.4166666666666665
Andrew Vaughn,42394,1,1,86,87,FALSE,NA,NA,NA,Free Agent,8,1,1,0,0,8
David Hamilton,42987,8,0,86,87,FALSE,NA,NA,NA,Free Agent,0,0,1,0,0,0
Devin Williams,33224,9,0,86,100,TRUE,NA,NA,NA,Free Agent,0,0,NA,NA,NA,0
Eddie Rosario,31944,11,2,86,88,FALSE,NA,NA,NA,Free Agent,3,2,1,0,0,1.5
Erick Fedde,33793,4,5,86,96,FALSE,NA,NA,NA,Free Agent,36.5,2,0,1,0,18.25
Gabriel Moreno,42464,6,1,86,89,FALSE,NA,NA,NA,Free Agent,4.5,2,1,0,0,2.25
Griffin Jax,42604,13,4,86,89,TRUE,NA,NA,NA,Free Agent,10,3,0,0,1,3.3333333333333335
Joey Meneses,34534,11,1,86,87,FALSE,NA,NA,NA,Free Agent,6.5,1,1,0,0,6.5
Kevin Pillar,32859,13,1,86,86,FALSE,NA,NA,NA,Free Agent,-0.5,1,1,0,0,-0.5
Logan O'Hoppe,42047,8,2,86,127,FALSE,NA,NA,NA,Free Agent,72,31,1,0,0,2.3225806451612905
Miguel Andujar,33743,2,1,86,127,FALSE,NA,NA,NA,Free Agent,77.5,33,1,0,0,2.3484848484848486
Nelson Velazquez,41047,4,4,86,87,FALSE,NA,NA,NA,Free Agent,-0.5,1,1,0,0,-0.5
Jorge Mateo,33832,12,1,87,88,FALSE,NA,NA,NA,Free Agent,0.5,2,1,0,0,0.25
Kyle Harrison,4683375,13,1,87,89,FALSE,NA,NA,NA,Free Agent,0,0,NA,NA,NA,0
Patrick Sandoval,40975,13,0,87,89,FALSE,NA,NA,NA,Free Agent,4.5,1,0,1,0,4.5
Colin Rea,33950,7,2,88,89,FALSE,NA,NA,NA,Free Agent,20.5,1,0,1,0,20.5
Jake Meyers,40719,2,1,88,88,FALSE,NA,NA,NA,Free Agent,-1,1,1,0,0,-1
Jason Foley,42698,11,4,88,93,TRUE,NA,NA,NA,Free Agent,3.5,1,0,0,1,3.5
Michael Lorenzen,33252,14,5,88,127,FALSE,NA,NA,NA,Free Agent,53,5,0,1,0,10.6
Miles Mikolas,32116,8,2,88,104,FALSE,NA,NA,NA,Free Agent,-10.5,2,0,1,0,-5.25
Mitchell Parker,4683356,1,3,88,102,FALSE,NA,NA,NA,Free Agent,39,3,0,1,0,13
Zach Neto,4666100,4,0,88,89,FALSE,NA,NA,NA,Free Agent,0,0,1,0,0,0
Andrew Vaughn,42394,12,2,89,125,FALSE,NA,NA,NA,Free Agent,54,27,1,0,0,2
Cole Sands,3983841,13,1,89,89,TRUE,NA,NA,NA,Free Agent,-1.5,1,0,0,1,-1.5
Harrison Bader,35062,11,0,89,94,FALSE,NA,NA,NA,Free Agent,7.5,5,1,0,0,1.5
Jameson Taillon,31258,1,4,89,95,FALSE,NA,NA,NA,Free Agent,43,2,0,1,0,21.5
Jeffrey Springs,35397,4,0,89,127,FALSE,NA,NA,NA,Free Agent,0,0,NA,NA,NA,0
Jordan Montgomery,38173,2,1,89,89,FALSE,NA,NA,NA,Free Agent,17,1,0,1,0,17
Zack Gelof,4414531,12,4,89,89,FALSE,NA,NA,NA,Free Agent,1.5,1,1,0,0,1.5
Alec Marsh,4424276,13,1,90,91,TRUE,NA,NA,NA,Free Agent,-9,1,0,1,0,-9
Alex Vesia,42622,7,2,90,127,TRUE,NA,NA,NA,Free Agent,45,14,0,0,1,3.2142857142857144
Brady Singer,41172,5,2,90,103,FALSE,NA,NA,NA,Free Agent,24.5,1,0,1,0,24.5
Brandon Marsh,40803,9,2,90,96,FALSE,NA,NA,NA,Free Agent,7,5,1,0,0,1.4
Braxton Garrett,40971,5,2,90,96,FALSE,NA,NA,NA,Free Agent,22,1,0,1,0,22
Clayton Kershaw,28963,13,0,90,127,FALSE,NA,NA,NA,Free Agent,0,0,NA,NA,NA,0
Colin Holderman,4917897,12,0,90,90,TRUE,NA,NA,NA,Free Agent,5,1,0,0,1,5
DJ Herz,4917686,9,0,90,94,FALSE,NA,NA,NA,Free Agent,2.5,1,0,1,0,2.5
David Hamilton,42987,4,1,90,90,FALSE,NA,NA,NA,Free Agent,-1,1,1,0,0,-1
David Robertson,29172,13,4,90,109,TRUE,NA,NA,NA,Free Agent,26,7,0,0,1,3.7142857142857144
Jeff McNeil,33900,2,2,90,96,FALSE,NA,NA,NA,Free Agent,2.5,5,1,0,0,0.5
JoJo Romero,40456,2,2,90,93,TRUE,NA,NA,NA,Free Agent,-7.5,1,0,0,1,-7.5
Joc Pederson,31392,7,5,90,127,FALSE,NA,NA,NA,Free Agent,34,16,1,0,0,2.125
Ke'Bryan Hayes,35020,6,2,90,90,FALSE,NA,NA,NA,Free Agent,2,1,1,0,0,2
Lance Lynn,30820,13,3,90,91,FALSE,NA,NA,NA,Free Agent,1,1,0,1,0,1
Noelvi Marte,41307,6,0,90,127,FALSE,NA,NA,NA,Free Agent,13,17,1,0,0,0.7647058823529411
Ryan Walker,5000950,7,0,90,102,TRUE,NA,NA,NA,Free Agent,27,5,0,0,1,5.4
Wilmer Flores,30627,1,2,90,90,FALSE,NA,NA,NA,Free Agent,0,0,NA,NA,NA,0
Ben Rice,5016968,9,0,91,95,FALSE,NA,NA,NA,Free Agent,8,4,1,0,0,2
Ceddanne Rafaela,4987382,12,3,91,99,FALSE,NA,NA,NA,Free Agent,6,6,1,0,0,1
Mauricio Dubon,35304,1,0,91,96,FALSE,NA,NA,NA,Free Agent,13,6,1,0,0,2.1666666666666665
Reese Olson,4734319,4,6,91,124,FALSE,NA,NA,NA,Free Agent,72.5,4,0,1,0,18.125
Tobias Myers,39716,6,0,91,92,FALSE,NA,NA,NA,Free Agent,25,1,0,1,0,25
Aaron Civale,40934,13,2,92,97,FALSE,NA,NA,NA,Free Agent,12.5,1,0,1,0,12.5
Aroldis Chapman,30442,13,2,92,102,TRUE,NA,NA,NA,Free Agent,13,3,0,0,1,4.333333333333333
Austin Gomber,34897,11,2,92,94,FALSE,NA,NA,NA,Free Agent,0,0,NA,NA,NA,0
Mike Yastrzemski,33341,1,1,92,93,FALSE,NA,NA,NA,Free Agent,3,2,1,0,0,1.5
Zach Neto,4666100,5,1,92,98,FALSE,NA,NA,NA,Free Agent,7,5,1,0,0,1.4
Michael Conforto,33711,6,1,93,93,FALSE,NA,NA,NA,Free Agent,-1,1,1,0,0,-1
Zack Gelof,4414531,6,5,93,98,FALSE,NA,NA,NA,Free Agent,5.5,4,1,0,0,1.375
Colin Rea,33950,1,3,94,95,FALSE,NA,NA,NA,Free Agent,-1.5,1,0,1,0,-1.5
Dylan Moore,40593,14,2,94,127,FALSE,NA,NA,NA,Free Agent,9.5,16,1,0,0,0.59375
Ke'Bryan Hayes,35020,6,3,94,98,FALSE,NA,NA,NA,Free Agent,0.5,3,1,0,0,0.16666666666666666
Landon Knack,4417826,11,0,94,108,FALSE,NA,NA,NA,Free Agent,34.5,3,0,1,0,11.5
Spencer Turnbull,33732,2,2,94,95,TRUE,NA,NA,NA,Free Agent,7.5,1,0,0,1,7.5
Tyler Soderstrom,4686066,12,0,94,97,FALSE,NA,NA,NA,Free Agent,11.5,4,1,0,0,2.875
Wenceel Perez,41586,2,2,94,101,FALSE,NA,NA,NA,Free Agent,14,8,1,0,0,1.75
Griffin Jax,42604,11,5,95,102,TRUE,NA,NA,NA,Free Agent,13,3,0,0,1,4.333333333333333
Jordan Hicks,37909,11,1,95,105,TRUE,NA,NA,NA,Free Agent,4,2,0,1,0,2
Jose Siri,33954,1,2,95,98,FALSE,NA,NA,NA,Free Agent,7,4,1,0,0,1.75
Luis Matos,4722941,11,1,95,108,FALSE,NA,NA,NA,Free Agent,22.5,12,1,0,0,1.875
Michael Wacha,32640,9,5,95,105,FALSE,NA,NA,NA,Free Agent,14.5,1,0,1,0,14.5
Trevor Megill,40080,11,2,95,127,TRUE,NA,NA,NA,Free Agent,42,11,0,0,1,3.8181818181818183
Andrew Kittredge,35872,13,2,96,96,TRUE,NA,NA,NA,Free Agent,2.5,1,0,0,1,2.5
Daniel Schneemann,42001,9,0,96,100,FALSE,NA,NA,NA,Free Agent,4,5,1,0,0,0.8
Garrett Crochet,4297835,1,2,96,127,TRUE,4,1 4,14,Trade,70.5,5,0,1,0,14.1
Jarred Kelenic,41150,12,1,96,121,FALSE,NA,NA,NA,Free Agent,46,21,1,0,0,2.1904761904761907
Jonathan Cannon,4620398,12,0,96,96,FALSE,NA,NA,NA,Free Agent,-13,1,0,1,0,-13
Luis Rengifo,37237,1,4,96,127,FALSE,4,1 4,14,Trade,33,10,1,0,0,3.3
Michael Massey,4109223,4,2,96,100,FALSE,NA,NA,NA,Free Agent,2,4,1,0,0,0.5
Mookie Betts,33039,4,1,96,127,FALSE,1,1 4,14,Trade,0,0,NA,NA,NA,0
Reed Garrett,36526,2,1,96,96,TRUE,NA,NA,NA,Free Agent,5,1,0,0,1,5
Tobias Myers,39716,1,1,96,96,FALSE,NA,NA,NA,Free Agent,11,1,0,1,0,11
Andy Pages,42468,9,3,97,112,FALSE,NA,NA,NA,Free Agent,18.5,13,1,0,0,1.4230769230769231
Cade Smith,4987924,4,0,97,108,TRUE,NA,NA,NA,Free Agent,1,4,0,0,1,0.25
Cal Quantrill,39875,13,4,97,102,FALSE,NA,NA,NA,Free Agent,6.5,1,0,1,0,6.5
Isiah Kiner-Falefa,33572,5,1,97,106,FALSE,NA,NA,NA,Free Agent,24,6,1,0,0,4
Jake Irvin,41290,9,1,97,127,FALSE,NA,NA,NA,Free Agent,49,4,0,1,0,12.25
James Paxton,31980,5,1,97,97,FALSE,NA,NA,NA,Free Agent,16,1,0,1,0,16
Jameson Taillon,31258,1,5,97,107,FALSE,NA,NA,NA,Free Agent,42.5,2,0,1,0,21.25
Jason Heyward,29551,2,2,97,98,FALSE,NA,NA,NA,Free Agent,1,2,1,0,0,0.5
Josh Lowe,40557,1,2,97,114,FALSE,NA,NA,NA,Free Agent,11,12,1,0,0,0.9166666666666666
Wilyer Abreu,4990055,12,5,97,108,FALSE,NA,NA,NA,Free Agent,5.5,9,1,0,0,0.6111111111111112
Yennier Cano,35536,2,3,97,101,TRUE,NA,NA,NA,Free Agent,-4,2,0,0,1,-2
Zack Littell,36052,13,3,97,98,TRUE,NA,NA,NA,Free Agent,12.5,1,0,1,0,12.5
Byron Buxton,32655,13,3,98,127,FALSE,NA,NA,NA,Free Agent,68.5,12,1,0,0,5.708333333333333
Chad Green,33325,5,0,98,103,TRUE,NA,NA,NA,Free Agent,6,2,0,0,1,3
Eloy Jimenez,33867,6,1,98,103,FALSE,NA,NA,NA,Free Agent,6.5,3,1,0,0,2.1666666666666665
Spencer Horwitz,4228472,12,0,98,112,FALSE,NA,NA,NA,Free Agent,26,13,1,0,0,2
Erick Fedde,33793,2,6,99,127,FALSE,NA,NA,NA,Free Agent,65,4,0,1,0,16.25
Frankie Montas,33249,13,4,99,101,FALSE,NA,NA,NA,Free Agent,22,1,0,1,0,22
Jackson Chourio,4917869,5,2,99,127,FALSE,NA,NA,NA,Free Agent,71.5,19,1,0,0,3.763157894736842
JoJo Romero,40456,12,3,99,99,TRUE,NA,NA,NA,Free Agent,2,1,0,0,1,2
Joe Jimenez,33760,6,1,99,99,TRUE,NA,NA,NA,Free Agent,2.5,1,0,0,1,2.5
Michael Toglia,42412,1,0,99,99,FALSE,NA,NA,NA,Free Agent,-3,1,1,0,0,-3
Simeon Woods Richardson,41383,6,1,99,99,FALSE,NA,NA,NA,Free Agent,8.5,1,0,1,0,8.5
Francisco Alvarez,41253,12,1,100,125,FALSE,NA,NA,NA,Free Agent,20,17,1,0,0,1.1764705882352942
Jake McCarthy,41197,6,0,100,100,FALSE,NA,NA,NA,Free Agent,2,1,1,0,0,2
Jhonkensy Noel,42548,12,0,100,100,FALSE,NA,NA,NA,Free Agent,-0.5,1,1,0,0,-0.5
Jose Miranda,41000,1,2,100,102,FALSE,NA,NA,NA,Free Agent,8.5,3,1,0,0,2.8333333333333335
Michael Busch,42415,11,4,100,102,FALSE,NA,NA,NA,Free Agent,0,0,1,0,0,0
Tyler Freeman,40958,6,3,100,103,FALSE,NA,NA,NA,Free Agent,2,3,1,0,0,0.6666666666666666
David Hamilton,42987,4,2,101,104,FALSE,NA,NA,NA,Free Agent,-1,2,1,0,0,-0.5
Harrison Bader,35062,9,1,101,103,FALSE,NA,NA,NA,Free Agent,-1,1,1,0,0,-1
James Wood,4918256,12,0,101,127,FALSE,NA,NA,NA,Free Agent,36,18,1,0,0,2
LaMonte Wade Jr.,37798,6,6,101,127,FALSE,NA,NA,NA,Free Agent,28.5,16,1,0,0,1.78125
Zach Neto,4666100,9,2,101,108,FALSE,NA,NA,NA,Free Agent,4,7,1,0,0,0.5714285714285714
Jason Foley,42698,2,5,102,103,TRUE,NA,NA,NA,Free Agent,4,1,0,0,1,4
Tobias Myers,39716,2,2,102,102,FALSE,NA,NA,NA,Free Agent,12.5,1,0,1,0,12.5
Triston McKenzie,34954,13,1,102,103,FALSE,NA,NA,NA,Free Agent,0,0,NA,NA,NA,0
Cole Irvin,39869,13,4,103,106,TRUE,NA,NA,NA,Free Agent,-4.5,1,0,1,0,-4.5
Colin Rea,33950,11,4,103,127,FALSE,NA,NA,NA,Free Agent,54,4,0,1,0,13.5
Davis Daniel,4081461,13,0,103,106,FALSE,NA,NA,NA,Free Agent,3.5,1,0,1,0,3.5
Jacob Young,4414210,9,3,103,105,FALSE,NA,NA,NA,Free Agent,4,3,1,0,0,1.3333333333333333
James Paxton,31980,7,2,103,103,FALSE,NA,NA,NA,Free Agent,-15,1,0,1,0,-15
Jeff McNeil,33900,2,3,103,104,FALSE,NA,NA,NA,Free Agent,-1,2,1,0,0,-0.5
Justin Turner,29607,1,1,103,106,FALSE,NA,NA,NA,Free Agent,1.5,2,1,0,0,0.75
Sal Frelick,4417795,1,6,103,103,FALSE,NA,NA,NA,Free Agent,0,0,1,0,0,0
Tobias Myers,39716,11,3,103,127,FALSE,NA,NA,NA,Free Agent,46.5,3,0,1,0,15.5
Brendan Rodgers,35073,6,2,104,104,FALSE,NA,NA,NA,Free Agent,6,1,1,0,0,6
Charlie Blackmon,31084,6,4,104,104,FALSE,NA,NA,NA,Free Agent,7,1,1,0,0,7
Heston Kjerstad,4297758,1,1,104,107,FALSE,NA,NA,NA,Free Agent,0,0,1,0,0,0
Jhonkensy Noel,42548,12,1,104,116,FALSE,NA,NA,NA,Free Agent,16.5,9,1,0,0,1.8333333333333333
Jose Miranda,41000,9,3,104,127,FALSE,NA,NA,NA,Free Agent,36,9,1,0,0,4
Mauricio Dubon,35304,2,1,104,104,FALSE,NA,NA,NA,Free Agent,-0.5,1,1,0,0,-0.5
Michael Massey,4109223,12,3,104,113,FALSE,NA,NA,NA,Free Agent,12.5,7,1,0,0,1.7857142857142858
Reed Garrett,36526,13,2,104,112,TRUE,NA,NA,NA,Free Agent,6.5,4,0,0,1,1.625
Spencer Arrighetti,4726080,5,0,104,105,FALSE,NA,NA,NA,Free Agent,-2.5,1,0,1,0,-2.5
Trevor Richards,39912,7,0,104,104,TRUE,NA,NA,NA,Free Agent,5,1,0,0,1,5
Zack Littell,36052,5,4,104,110,TRUE,NA,NA,NA,Free Agent,16,1,0,1,0,16
Brandon Marsh,40803,8,3,105,127,FALSE,NA,NA,NA,Free Agent,26.5,14,1,0,0,1.8928571428571428
Christian Scott,4414215,2,2,105,110,FALSE,NA,NA,NA,Free Agent,4,1,0,1,0,4
Gavin Williams,4345076,6,1,105,106,FALSE,NA,NA,NA,Free Agent,-4,1,0,1,0,-4
Griffin Jax,42604,7,6,105,127,TRUE,NA,NA,NA,Free Agent,27.5,9,0,0,1,3.0555555555555554
Harrison Bader,35062,2,2,105,105,FALSE,NA,NA,NA,Free Agent,-1,1,1,0,0,-1
Simeon Woods Richardson,41383,6,2,105,105,FALSE,NA,NA,NA,Free Agent,10,1,0,1,0,10
Zack Gelof,4414531,4,6,105,110,FALSE,NA,NA,NA,Free Agent,9.5,6,1,0,0,1.5833333333333333
Aroldis Chapman,30442,5,3,106,110,TRUE,NA,NA,NA,Free Agent,1.5,2,0,0,1,0.75
Ben Rice,5016968,9,1,106,127,FALSE,NA,NA,NA,Free Agent,46,16,1,0,0,2.875
Brooks Lee,4629081,9,0,106,127,FALSE,NA,NA,NA,Free Agent,35,15,1,0,0,2.3333333333333335
Charlie Blackmon,31084,2,5,106,127,FALSE,NA,NA,NA,Free Agent,36.5,13,1,0,0,2.8076923076923075
Colin Holderman,4917897,12,1,106,106,TRUE,NA,NA,NA,Free Agent,-5,1,0,0,1,-5
Davis Schneider,4997181,14,2,106,112,FALSE,NA,NA,NA,Free Agent,2.5,5,1,0,0,0.5
Dean Kremer,38295,1,2,106,106,FALSE,NA,NA,NA,Free Agent,20,1,0,1,0,20
Elias Diaz,33594,2,5,106,124,FALSE,NA,NA,NA,Free Agent,4.5,11,1,0,0,0.4090909090909091
Luke Weaver,33770,14,1,106,127,TRUE,NA,NA,NA,Free Agent,34.5,7,0,0,1,4.928571428571429
Robbie Ray,32175,6,0,106,127,FALSE,NA,NA,NA,Free Agent,0,0,NA,NA,NA,0
Ryne Stanek,33301,11,0,106,115,TRUE,NA,NA,NA,Free Agent,16,5,0,0,1,3.2
Shane Baz,39639,9,1,106,127,FALSE,NA,NA,NA,Free Agent,21,2,0,1,0,10.5
Andrew Heaney,32672,13,3,107,109,FALSE,NA,NA,NA,Free Agent,18.5,1,0,1,0,18.5
Brendan Rodgers,35073,6,3,107,107,FALSE,NA,NA,NA,Free Agent,-0.5,1,1,0,0,-0.5
Ceddanne Rafaela,4987382,5,4,107,127,FALSE,NA,NA,NA,Free Agent,35.5,15,1,0,0,2.3666666666666667
Jeimer Candelario,32531,1,6,107,127,FALSE,NA,NA,NA,Free Agent,34,15,1,0,0,2.2666666666666666
Jose Siri,33954,2,3,107,110,FALSE,NA,NA,NA,Free Agent,-2.5,3,1,0,0,-0.8333333333333334
Lance Lynn,30820,1,4,107,109,FALSE,NA,NA,NA,Free Agent,-21.5,1,0,1,0,-21.5
Michael Toglia,42412,9,1,107,127,FALSE,NA,NA,NA,Free Agent,53.5,16,1,0,0,3.34375
Ryan Walker,5000950,12,1,107,112,TRUE,NA,NA,NA,Free Agent,4,3,0,0,1,1.3333333333333333
Sean Manaea,33244,13,3,107,123,TRUE,NA,NA,NA,Free Agent,46,3,0,1,0,15.333333333333334
DJ Herz,4917686,6,1,108,110,FALSE,NA,NA,NA,Free Agent,3,1,0,1,0,3
Drew Thorpe,4629086,1,1,108,127,FALSE,NA,NA,NA,Free Agent,39.5,2,0,1,0,19.75
Lenyn Sosa,41684,1,0,108,121,FALSE,NA,NA,NA,Free Agent,5.5,9,1,0,0,0.6111111111111112
Brady Singer,41172,9,3,109,117,FALSE,NA,NA,NA,Free Agent,18.5,2,0,1,0,9.25
Chad Green,33325,2,1,109,123,TRUE,NA,NA,NA,Free Agent,22,6,0,0,1,3.6666666666666665
David Peterson,40921,4,0,109,110,FALSE,NA,NA,NA,Free Agent,9,1,0,1,0,9
Jose Trevino,35268,11,0,109,110,FALSE,NA,NA,NA,Free Agent,3,1,1,0,0,3
Justin Turner,29607,4,2,109,109,FALSE,NA,NA,NA,Free Agent,0,0,NA,NA,NA,0
Max Kepler,31870,11,2,109,113,FALSE,NA,NA,NA,Free Agent,10.5,5,1,0,0,2.1
Rowdy Tellez,34287,12,1,109,109,FALSE,NA,NA,NA,Free Agent,0.5,1,1,0,0,0.5
Colt Keith,4683384,4,4,110,127,FALSE,NA,NA,NA,Free Agent,50,11,1,0,0,4.545454545454546
Frankie Montas,33249,13,5,110,113,FALSE,NA,NA,NA,Free Agent,9,1,0,1,0,9
James McArthur,3960883,12,2,110,110,TRUE,NA,NA,NA,Free Agent,0,0,NA,NA,NA,0
Michael Wacha,32640,13,6,110,113,FALSE,NA,NA,NA,Free Agent,4.5,1,0,1,0,4.5
Chris Taylor,32900,4,1,111,123,FALSE,NA,NA,NA,Free Agent,8.5,6,1,0,0,1.4166666666666667
Dean Kremer,38295,5,3,111,125,FALSE,NA,NA,NA,Free Agent,4.5,2,0,1,0,2.25
Gabriel Moreno,42464,6,2,111,111,FALSE,NA,NA,NA,Free Agent,0,1,1,0,0,0
Josh Jung,42437,2,1,111,127,FALSE,NA,NA,NA,Free Agent,0,0,NA,NA,NA,0
Matt Vierling,41636,2,2,111,127,FALSE,NA,NA,NA,Free Agent,32.5,10,1,0,0,3.25
Mitchell Parker,4683356,4,4,111,113,FALSE,NA,NA,NA,Free Agent,23.5,1,0,1,0,23.5
Sean Murphy,33557,12,1,111,111,FALSE,NA,NA,NA,Free Agent,7.5,1,1,0,0,7.5
Tyler Freeman,40958,11,4,111,112,FALSE,NA,NA,NA,Free Agent,2.5,2,1,0,0,1.25
Yennier Cano,35536,5,4,111,115,TRUE,NA,NA,NA,Free Agent,0,0,NA,NA,NA,0
Heston Kjerstad,4297758,12,2,112,116,FALSE,NA,NA,NA,Free Agent,5.5,4,1,0,0,1.375
Mauricio Dubon,35304,6,2,112,115,FALSE,NA,NA,NA,Free Agent,5.5,2,1,0,0,2.75
Yu Darvish,32055,13,1,112,127,FALSE,NA,NA,NA,Free Agent,0,0,NA,NA,NA,0
Angel Martinez,42497,12,0,113,127,FALSE,NA,NA,NA,Free Agent,18,10,1,0,0,1.8
Dansby Swanson,34895,1,1,113,127,FALSE,NA,NA,NA,Free Agent,22,10,1,0,0,2.2
Hunter Renfroe,33205,14,3,113,127,FALSE,NA,NA,NA,Free Agent,15,5,1,0,0,3
James McArthur,3960883,12,3,113,114,TRUE,NA,NA,NA,Free Agent,9,1,0,0,1,9
Jorge Alcala,41031,13,0,113,122,TRUE,NA,NA,NA,Free Agent,12,3,0,0,1,4
Keibert Ruiz,38827,1,1,113,113,FALSE,NA,NA,NA,Free Agent,2,1,1,0,0,2
Michael Conforto,33711,9,2,113,122,FALSE,NA,NA,NA,Free Agent,11,6,1,0,0,1.8333333333333333
Rowdy Tellez,34287,11,2,113,119,FALSE,NA,NA,NA,Free Agent,0,1,1,0,0,0
Aroldis Chapman,30442,13,4,114,127,TRUE,NA,NA,NA,Free Agent,22,4,0,0,1,5.5
Gabriel Moreno,42464,1,3,114,123,FALSE,NA,NA,NA,Free Agent,11,5,1,0,0,2.2
Gavin Williams,4345076,6,2,114,117,FALSE,NA,NA,NA,Free Agent,11,1,0,1,0,11
Jason Adam,32145,12,4,114,127,TRUE,NA,NA,NA,Free Agent,24,5,0,0,1,4.8
Jose Quintana,32106,13,1,114,123,FALSE,NA,NA,NA,Free Agent,8.5,1,0,1,0,8.5
Joshua Palacios,36462,9,0,114,125,FALSE,NA,NA,NA,Free Agent,7.5,7,1,0,0,1.0714285714285714
Max Schuemann,3962127,11,0,114,117,FALSE,NA,NA,NA,Free Agent,5.5,2,1,0,0,2.75
Michael Busch,42415,4,5,114,127,FALSE,NA,NA,NA,Free Agent,16,10,1,0,0,1.6
Rece Hinds,42545,11,0,114,127,FALSE,NA,NA,NA,Free Agent,28.5,6,1,0,0,4.75
David Fry,41672,5,1,115,116,FALSE,NA,NA,NA,Free Agent,-0.5,2,1,0,0,-0.25
Giancarlo Stanton,30583,9,1,115,127,FALSE,NA,NA,NA,Free Agent,0,0,NA,NA,NA,0
Jameson Taillon,31258,1,6,115,127,FALSE,NA,NA,NA,Free Agent,29.5,2,0,1,0,14.75
Spencer Horwitz,4228472,12,1,115,127,FALSE,NA,NA,NA,Free Agent,8.5,7,1,0,0,1.2142857142857142
Kevin Ginkel,41432,11,4,116,124,TRUE,NA,NA,NA,Free Agent,9,3,0,0,1,3
Lance Lynn,30820,5,5,116,127,FALSE,NA,NA,NA,Free Agent,30,2,0,1,0,15
Ryan Fernandez,5002952,6,0,116,117,TRUE,NA,NA,NA,Free Agent,4.5,1,0,0,1,4.5
Andy Pages,42468,12,4,117,127,FALSE,NA,NA,NA,Free Agent,10,6,1,0,0,1.6666666666666667
Eugenio Suarez,32367,12,2,117,126,FALSE,NA,NA,NA,Free Agent,10.5,6,1,0,0,1.75
Joey Ortiz,42958,5,2,117,127,FALSE,NA,NA,NA,Free Agent,10,5,1,0,0,2
Michael Wacha,32640,6,7,117,122,FALSE,NA,NA,NA,Free Agent,0,0,0,1,0,0
Josh Bell,32517,6,1,118,123,FALSE,NA,NA,NA,Free Agent,1,2,1,0,0,0.5
Spencer Schwellenbach,4424862,9,0,118,125,FALSE,NA,NA,NA,Free Agent,0,0,0,1,0,0
Tyler Stephenson,34975,6,4,118,122,FALSE,NA,NA,NA,Free Agent,0,0,1,0,0,0
Yilber Diaz,5217798,11,0,118,122,FALSE,NA,NA,NA,Free Agent,0,0,NA,NA,NA,0
Brady Singer,41172,11,4,120,127,FALSE,NA,NA,NA,Free Agent,27,1,0,1,0,27
Jacob Wilson,4719300,9,0,121,124,FALSE,NA,NA,NA,Free Agent,2,1,1,0,0,2
J.T. Realmuto,32177,1,1,122,127,FALSE,NA,NA,NA,Free Agent,3.5,2,1,0,0,1.75
JP Sears,39818,12,5,122,122,FALSE,NA,NA,NA,Free Agent,8,1,0,1,0,8
Andrew Heaney,32672,11,4,123,127,FALSE,NA,NA,NA,Free Agent,15.5,1,0,1,0,15.5
Christian Scott,4414215,6,3,123,124,FALSE,NA,NA,NA,Free Agent,0,0,0,1,0,0
James McArthur,3960883,13,4,123,127,TRUE,NA,NA,NA,Free Agent,2,1,0,0,1,2
Jeff McNeil,33900,1,4,123,127,FALSE,NA,NA,NA,Free Agent,16.5,4,1,0,0,4.125
Joey Estes,4917636,6,0,123,124,FALSE,NA,NA,NA,Free Agent,0,0,0,1,0,0
Juan Yepez,4895558,9,0,123,127,FALSE,NA,NA,NA,Free Agent,5.5,3,1,0,0,1.8333333333333333
Lawrence Butler,4917919,12,1,123,127,FALSE,NA,NA,NA,Free Agent,31,4,1,0,0,7.75
Sal Frelick,4417795,2,7,123,127,FALSE,NA,NA,NA,Free Agent,5,4,1,0,0,1.25
Tyler Phillips,41247,8,0,123,127,FALSE,NA,NA,NA,Free Agent,0,0,0,1,0,0
Aaron Civale,40934,2,3,124,125,FALSE,NA,NA,NA,Free Agent,0.5,1,0,1,0,0.5
Hector Neris,32377,1,2,124,127,TRUE,NA,NA,NA,Free Agent,8.5,2,0,0,1,4.25
James Paxton,31980,13,3,124,125,FALSE,NA,NA,NA,Free Agent,10,1,0,1,0,10
Jon Gray,33203,13,1,124,127,FALSE,NA,NA,NA,Free Agent,27,1,0,1,0,27
Max Schuemann,3962127,4,1,124,124,FALSE,NA,NA,NA,Free Agent,2.5,1,1,0,0,2.5
Shea Langeliers,42598,6,1,124,127,FALSE,NA,NA,NA,Free Agent,7,2,1,0,0,3.5
Zach Neto,4666100,13,3,124,127,FALSE,NA,NA,NA,Free Agent,6.5,3,1,0,0,2.1666666666666665
Andre Pallante,4109034,6,0,125,125,TRUE,NA,NA,NA,Free Agent,20,1,0,1,0,20
David Peterson,40921,6,1,125,125,FALSE,NA,NA,NA,Free Agent,6.5,1,0,1,0,6.5
Gabriel Moreno,42464,2,4,125,127,FALSE,NA,NA,NA,Free Agent,3.5,2,1,0,0,1.75
Hunter Gaddis,4187661,12,0,125,127,TRUE,NA,NA,NA,Free Agent,3.5,1,0,0,1,3.5
Jason Foley,42698,11,6,125,125,TRUE,NA,NA,NA,Free Agent,0,0,NA,NA,NA,0
Jose Iglesias,30382,4,0,125,127,FALSE,NA,NA,NA,Free Agent,5,2,1,0,0,2.5
Nick Gonzales,4311634,9,1,125,127,FALSE,NA,NA,NA,Free Agent,3,2,1,0,0,1.5
Yilber Diaz,5217798,4,1,125,125,FALSE,NA,NA,NA,Free Agent,-14.5,1,0,1,0,-14.5
Albert Suarez,31109,13,0,126,126,TRUE,NA,NA,NA,Free Agent,-11.5,1,0,1,0,-11.5
Colton Cowser,4416990,12,4,126,127,FALSE,NA,NA,NA,Free Agent,1,1,1,0,0,1
David Fry,41672,11,2,126,127,FALSE,NA,NA,NA,Free Agent,0.5,1,1,0,0,0.5
Devin Williams,33224,6,1,126,127,TRUE,NA,NA,NA,Free Agent,0,0,NA,NA,NA,0
Jackson Jobe,4872647,4,0,126,127,FALSE,NA,NA,NA,Free Agent,0,0,NA,NA,NA,0
Jose Soriano,40973,6,2,126,127,TRUE,NA,NA,NA,Free Agent,25,1,0,1,0,25
Kyle Higashioka,30545,12,0,126,127,FALSE,NA,NA,NA,Free Agent,-1.5,1,1,0,0,-1.5
Luis Ortiz,5101355,9,0,126,127,TRUE,NA,NA,NA,Free Agent,0,0,NA,NA,NA,0
Matt Chapman,33857,12,1,126,127,FALSE,1,1 12,15,Trade,0,1,1,0,0,0
Mitch Keller,33722,1,1,126,127,FALSE,12,1 12,15,Trade,0,0,NA,NA,NA,0
Sean Manaea,33244,5,4,126,127,TRUE,NA,NA,NA,Free Agent,0,0,NA,NA,NA,0
Tommy Pham,31208,9,1,126,127,FALSE,NA,NA,NA,Free Agent,0,1,1,0,0,0
Tyler Holton,3983833,1,0,126,126,TRUE,NA,NA,NA,Free Agent,5.5,1,0,1,0,5.5
Wenceel Perez,41586,8,3,126,127,FALSE,NA,NA,NA,Free Agent,7.5,1,1,0,0,7.5
Yennier Cano,35536,2,5,126,127,TRUE,NA,NA,NA,Free Agent,0,0,NA,NA,NA,0
Fernando Tatis Jr.,35983,4,1,127,127,FALSE,12,4 12,16,Trade,0,0,NA,NA,NA,0
Jarred Kelenic,41150,12,2,127,127,FALSE,NA,NA,NA,Free Agent,0,0,NA,NA,NA,0
Kyle Harrison,4683375,13,2,127,127,FALSE,NA,NA,NA,Free Agent,0,0,NA,NA,NA,0
Lane Thomas,36409,12,2,127,127,FALSE,4,4 12,16,Trade,0,0,NA,NA,NA,0
Max Schuemann,3962127,1,2,127,127,FALSE,NA,NA,NA,Free Agent,0,0,NA,NA,NA,0
