team_id,total_points,batting_points,pitching_points,team,matchup_id,game_id,rp_points,sp_points,adj_pts,adj_batting_pts,adj_pitching_pts,adj_sp_pts,adj_rp_pts,team_id_opp,total_points_opp,batting_points_opp,pitching_points_opp,team_opp,rp_points_opp,sp_points_opp,adj_pts_opp,adj_batting_pts_opp,adj_pitching_pts_opp,adj_sp_pts_opp,adj_rp_pts_opp,overall_rank,batting_rank,pitching_rank
1,223,141.5,81.5,The Talmudic Tunnelers,1,1,13.5,68,312.2,198.1,114.1,95.2,18.9,4,252,150,102,All That is Wright,6,96,352.8,210,142.8,134.4,8.4,5,5,5
2,182.5,113,69.5,Skubal Divers,1,2,16,53.5,255.5,158.2,97.3,74.9,22.4,12,213.5,131,82.5,Blasphemous Hot Takes,30.5,52,298.9,183.4,115.5,72.8,42.7,9,10,9
8,245,168.5,76.5,Mt. Everest Taquito Farmers,1,3,12.5,64,343,235.9,107.1,89.6,17.5,6,274,150.5,123.5,The Novaks,18.5,105,383.6,210.7,172.9,147,25.9,3,1,8
11,227,142.5,84.5,The West Bank Occupiers,1,4,-3,87.5,317.8,199.5,118.3,122.5,-4.2,5,148.5,97.5,51,The Traveling Secretaries,9,42,207.9,136.5,71.4,58.8,12.6,4,4,3
14,208.5,127.5,81,Elly De La Snooze,1,5,13,68,291.9,178.5,113.4,95.2,18.2,9,206,127.5,78.5,Takin' Care of Rizzness,12,66.5,288.4,178.5,109.9,93.1,16.8,7,8.5,6
13,143,104,39,Ketel Bells,1,6,21,18,200.2,145.6,54.6,25.2,29.4,7,170.5,138.5,32,FVOS Re-imagined,-7,39,238.7,193.9,44.8,54.6,-9.8,12,11,11
4,349.5,182,167.5,All That is Wright,2,7,25,142.5,349.5,182,167.5,142.5,25,12,338.5,156.5,182,Blasphemous Hot Takes,31.5,150.5,338.5,156.5,182,150.5,31.5,1,4,3
6,308,223,85,The Novaks,2,8,10,75,308,223,85,75,10,1,339.5,166.5,173,The Talmudic Tunnelers,27,146,339.5,166.5,173,146,27,7,1,10
5,206,148,58,The Traveling Secretaries,2,9,25.5,32.5,206,148,58,32.5,25.5,2,313.5,149,164.5,Skubal Divers,18.5,146,313.5,149,164.5,146,18.5,12,10,12
9,292,173,119,Takin' Care of Rizzness,2,10,13.5,105.5,292,173,119,105.5,13.5,8,291,137,154,Mt. Everest Taquito Farmers,34.5,119.5,291,137,154,119.5,34.5,8,5,8
7,267,135.5,131.5,FVOS Re-imagined,2,11,14.5,117,267,135.5,131.5,117,14.5,11,329,205.5,123.5,The West Bank Occupiers,25.5,98,329,205.5,123.5,98,25.5,10,12,6
13,320,207,113,Ketel Bells,2,12,36.5,76.5,320,207,113,76.5,36.5,14,240,166.5,73.5,Elly De La Snooze,19.5,54,240,166.5,73.5,54,19.5,5,2,9
6,291,160.5,130.5,The Novaks,3,13,21.5,109,291,160.5,130.5,109,21.5,4,352.5,228.5,124,All That is Wright,29,95,352.5,228.5,124,95,29,11,10.5,6
12,366.5,225.5,141,Blasphemous Hot Takes,3,14,29,112,366.5,225.5,141,112,29,5,369.5,210.5,159,The Traveling Secretaries,41.5,117.5,369.5,210.5,159,117.5,41.5,4,5,4
1,299.5,204.5,95,The Talmudic Tunnelers,3,15,-3.5,98.5,299.5,204.5,95,98.5,-3.5,9,235,152.5,82.5,Takin' Care of Rizzness,19,63.5,235,152.5,82.5,63.5,19,10,8,11
2,376.5,221,155.5,Skubal Divers,3,16,54.5,101,376.5,221,155.5,101,54.5,7,320,160.5,159.5,FVOS Re-imagined,9.5,150,320,160.5,159.5,150,9.5,2,6,3
8,320.5,200,120.5,Mt. Everest Taquito Farmers,3,17,25,95.5,320.5,200,120.5,95.5,25,13,349.5,247.5,102,Ketel Bells,13.5,88.5,349.5,247.5,102,88.5,13.5,8,9,8
11,379,239,140,The West Bank Occupiers,3,18,30,110,379,239,140,110,30,14,353.5,247.5,106,Elly De La Snooze,26.5,79.5,353.5,247.5,106,79.5,26.5,1,3,5
4,240,129.5,110.5,All That is Wright,4,19,12.5,98,240,129.5,110.5,98,12.5,5,372.5,232,140.5,The Traveling Secretaries,12,128.5,372.5,232,140.5,128.5,12,12,12,11
9,282,149.5,132.5,Takin' Care of Rizzness,4,20,15,117.5,282,149.5,132.5,117.5,15,6,323.5,161.5,162,The Novaks,6.5,155.5,323.5,161.5,162,155.5,6.5,11,11,10
7,361,196.5,164.5,FVOS Re-imagined,4,21,18.5,146,361,196.5,164.5,146,18.5,12,385,181.5,203.5,Blasphemous Hot Takes,25.5,178,385,181.5,203.5,178,25.5,3.5,5,4
13,361,182.5,178.5,Ketel Bells,4,22,21,157.5,361,182.5,178.5,157.5,21,1,315.5,217.5,98,The Talmudic Tunnelers,9.5,88.5,315.5,217.5,98,88.5,9.5,3.5,6,3
14,346,157.5,188.5,Elly De La Snooze,4,23,39.5,149,346,157.5,188.5,149,39.5,2,354.5,203,151.5,Skubal Divers,19,132.5,354.5,203,151.5,132.5,19,7,9,2
11,356,213.5,142.5,The West Bank Occupiers,4,24,36,106.5,356,213.5,142.5,106.5,36,8,302.5,157,145.5,Mt. Everest Taquito Farmers,53,92.5,302.5,157,145.5,92.5,53,5,3,8
9,NA,NA,NA,Takin' Care of Rizzness,5,25,0,NA,NA,NA,NA,NA,0,4,NA,NA,NA,All That is Wright,0,NA,NA,NA,NA,NA,0,1,1,1
5,NA,NA,NA,The Traveling Secretaries,5,26,0,NA,NA,NA,NA,NA,0,7,NA,NA,NA,FVOS Re-imagined,0,NA,NA,NA,NA,NA,0,2,2,2
6,NA,NA,NA,The Novaks,5,27,0,NA,NA,NA,NA,NA,0,13,NA,NA,NA,Ketel Bells,0,NA,NA,NA,NA,NA,0,3,3,3
12,NA,NA,NA,Blasphemous Hot Takes,5,28,0,NA,NA,NA,NA,NA,0,14,NA,NA,NA,Elly De La Snooze,0,NA,NA,NA,NA,NA,0,4,4,4
1,NA,NA,NA,The Talmudic Tunnelers,5,29,0,NA,NA,NA,NA,NA,0,11,NA,NA,NA,The West Bank Occupiers,0,NA,NA,NA,NA,NA,0,5,5,5
2,NA,NA,NA,Skubal Divers,5,30,0,NA,NA,NA,NA,NA,0,8,NA,NA,NA,Mt. Everest Taquito Farmers,0,NA,NA,NA,NA,NA,0,6,6,6
4,NA,NA,NA,All That is Wright,6,31,NA,NA,NA,NA,NA,NA,NA,7,NA,NA,NA,FVOS Re-imagined,NA,NA,NA,NA,NA,NA,NA,1,1,1
13,NA,NA,NA,Ketel Bells,6,32,NA,NA,NA,NA,NA,NA,NA,9,NA,NA,NA,Takin' Care of Rizzness,NA,NA,NA,NA,NA,NA,NA,2,2,2
14,NA,NA,NA,Elly De La Snooze,6,33,NA,NA,NA,NA,NA,NA,NA,5,NA,NA,NA,The Traveling Secretaries,NA,NA,NA,NA,NA,NA,NA,3,3,3
11,NA,NA,NA,The West Bank Occupiers,6,34,NA,NA,NA,NA,NA,NA,NA,6,NA,NA,NA,The Novaks,NA,NA,NA,NA,NA,NA,NA,4,4,4
8,NA,NA,NA,Mt. Everest Taquito Farmers,6,35,NA,NA,NA,NA,NA,NA,NA,12,NA,NA,NA,Blasphemous Hot Takes,NA,NA,NA,NA,NA,NA,NA,5,5,5
2,NA,NA,NA,Skubal Divers,6,36,NA,NA,NA,NA,NA,NA,NA,1,NA,NA,NA,The Talmudic Tunnelers,NA,NA,NA,NA,NA,NA,NA,6,6,6
13,NA,NA,NA,Ketel Bells,7,37,NA,NA,NA,NA,NA,NA,NA,4,NA,NA,NA,All That is Wright,NA,NA,NA,NA,NA,NA,NA,1,1,1
7,NA,NA,NA,FVOS Re-imagined,7,38,NA,NA,NA,NA,NA,NA,NA,14,NA,NA,NA,Elly De La Snooze,NA,NA,NA,NA,NA,NA,NA,2,2,2
9,NA,NA,NA,Takin' Care of Rizzness,7,39,NA,NA,NA,NA,NA,NA,NA,11,NA,NA,NA,The West Bank Occupiers,NA,NA,NA,NA,NA,NA,NA,3,3,3
5,NA,NA,NA,The Traveling Secretaries,7,40,NA,NA,NA,NA,NA,NA,NA,8,NA,NA,NA,Mt. Everest Taquito Farmers,NA,NA,NA,NA,NA,NA,NA,4,4,4
6,NA,NA,NA,The Novaks,7,41,NA,NA,NA,NA,NA,NA,NA,2,NA,NA,NA,Skubal Divers,NA,NA,NA,NA,NA,NA,NA,5,5,5
12,NA,NA,NA,Blasphemous Hot Takes,7,42,NA,NA,NA,NA,NA,NA,NA,1,NA,NA,NA,The Talmudic Tunnelers,NA,NA,NA,NA,NA,NA,NA,6,6,6
4,NA,NA,NA,All That is Wright,8,43,NA,NA,NA,NA,NA,NA,NA,14,NA,NA,NA,Elly De La Snooze,NA,NA,NA,NA,NA,NA,NA,1,1,1
11,NA,NA,NA,The West Bank Occupiers,8,44,NA,NA,NA,NA,NA,NA,NA,13,NA,NA,NA,Ketel Bells,NA,NA,NA,NA,NA,NA,NA,2,2,2
8,NA,NA,NA,Mt. Everest Taquito Farmers,8,45,NA,NA,NA,NA,NA,NA,NA,7,NA,NA,NA,FVOS Re-imagined,NA,NA,NA,NA,NA,NA,NA,3,3,3
2,NA,NA,NA,Skubal Divers,8,46,NA,NA,NA,NA,NA,NA,NA,9,NA,NA,NA,Takin' Care of Rizzness,NA,NA,NA,NA,NA,NA,NA,4,4,4
1,NA,NA,NA,The Talmudic Tunnelers,8,47,NA,NA,NA,NA,NA,NA,NA,5,NA,NA,NA,The Traveling Secretaries,NA,NA,NA,NA,NA,NA,NA,5,5,5
12,NA,NA,NA,Blasphemous Hot Takes,8,48,NA,NA,NA,NA,NA,NA,NA,6,NA,NA,NA,The Novaks,NA,NA,NA,NA,NA,NA,NA,6,6,6
11,NA,NA,NA,The West Bank Occupiers,9,49,NA,NA,NA,NA,NA,NA,NA,4,NA,NA,NA,All That is Wright,NA,NA,NA,NA,NA,NA,NA,1,1,1
14,NA,NA,NA,Elly De La Snooze,9,50,NA,NA,NA,NA,NA,NA,NA,8,NA,NA,NA,Mt. Everest Taquito Farmers,NA,NA,NA,NA,NA,NA,NA,2,2,2
13,NA,NA,NA,Ketel Bells,9,51,NA,NA,NA,NA,NA,NA,NA,2,NA,NA,NA,Skubal Divers,NA,NA,NA,NA,NA,NA,NA,3,3,3
7,NA,NA,NA,FVOS Re-imagined,9,52,NA,NA,NA,NA,NA,NA,NA,1,NA,NA,NA,The Talmudic Tunnelers,NA,NA,NA,NA,NA,NA,NA,4,4,4
9,NA,NA,NA,Takin' Care of Rizzness,9,53,NA,NA,NA,NA,NA,NA,NA,12,NA,NA,NA,Blasphemous Hot Takes,NA,NA,NA,NA,NA,NA,NA,5,5,5
5,NA,NA,NA,The Traveling Secretaries,9,54,NA,NA,NA,NA,NA,NA,NA,6,NA,NA,NA,The Novaks,NA,NA,NA,NA,NA,NA,NA,6,6,6
4,NA,NA,NA,All That is Wright,10,55,NA,NA,NA,NA,NA,NA,NA,8,NA,NA,NA,Mt. Everest Taquito Farmers,NA,NA,NA,NA,NA,NA,NA,1,1,1
2,NA,NA,NA,Skubal Divers,10,56,NA,NA,NA,NA,NA,NA,NA,11,NA,NA,NA,The West Bank Occupiers,NA,NA,NA,NA,NA,NA,NA,2,2,2
1,NA,NA,NA,The Talmudic Tunnelers,10,57,NA,NA,NA,NA,NA,NA,NA,14,NA,NA,NA,Elly De La Snooze,NA,NA,NA,NA,NA,NA,NA,3,3,3
12,NA,NA,NA,Blasphemous Hot Takes,10,58,NA,NA,NA,NA,NA,NA,NA,13,NA,NA,NA,Ketel Bells,NA,NA,NA,NA,NA,NA,NA,4,4,4
6,NA,NA,NA,The Novaks,10,59,NA,NA,NA,NA,NA,NA,NA,7,NA,NA,NA,FVOS Re-imagined,NA,NA,NA,NA,NA,NA,NA,5,5,5
5,NA,NA,NA,The Traveling Secretaries,10,60,NA,NA,NA,NA,NA,NA,NA,9,NA,NA,NA,Takin' Care of Rizzness,NA,NA,NA,NA,NA,NA,NA,6,6,6
2,NA,NA,NA,Skubal Divers,11,61,NA,NA,NA,NA,NA,NA,NA,4,NA,NA,NA,All That is Wright,NA,NA,NA,NA,NA,NA,NA,1,1,1
8,NA,NA,NA,Mt. Everest Taquito Farmers,11,62,NA,NA,NA,NA,NA,NA,NA,1,NA,NA,NA,The Talmudic Tunnelers,NA,NA,NA,NA,NA,NA,NA,2,2,2
11,NA,NA,NA,The West Bank Occupiers,11,63,NA,NA,NA,NA,NA,NA,NA,12,NA,NA,NA,Blasphemous Hot Takes,NA,NA,NA,NA,NA,NA,NA,3,3,3
14,NA,NA,NA,Elly De La Snooze,11,64,NA,NA,NA,NA,NA,NA,NA,6,NA,NA,NA,The Novaks,NA,NA,NA,NA,NA,NA,NA,4,4,4
13,NA,NA,NA,Ketel Bells,11,65,NA,NA,NA,NA,NA,NA,NA,5,NA,NA,NA,The Traveling Secretaries,NA,NA,NA,NA,NA,NA,NA,5,5,5
7,NA,NA,NA,FVOS Re-imagined,11,66,NA,NA,NA,NA,NA,NA,NA,9,NA,NA,NA,Takin' Care of Rizzness,NA,NA,NA,NA,NA,NA,NA,6,6,6
4,NA,NA,NA,All That is Wright,12,67,NA,NA,NA,NA,NA,NA,NA,1,NA,NA,NA,The Talmudic Tunnelers,NA,NA,NA,NA,NA,NA,NA,1,1,1
12,NA,NA,NA,Blasphemous Hot Takes,12,68,NA,NA,NA,NA,NA,NA,NA,2,NA,NA,NA,Skubal Divers,NA,NA,NA,NA,NA,NA,NA,2,2,2
6,NA,NA,NA,The Novaks,12,69,NA,NA,NA,NA,NA,NA,NA,8,NA,NA,NA,Mt. Everest Taquito Farmers,NA,NA,NA,NA,NA,NA,NA,3,3,3
5,NA,NA,NA,The Traveling Secretaries,12,70,NA,NA,NA,NA,NA,NA,NA,11,NA,NA,NA,The West Bank Occupiers,NA,NA,NA,NA,NA,NA,NA,4,4,4
9,NA,NA,NA,Takin' Care of Rizzness,12,71,NA,NA,NA,NA,NA,NA,NA,14,NA,NA,NA,Elly De La Snooze,NA,NA,NA,NA,NA,NA,NA,5,5,5
7,NA,NA,NA,FVOS Re-imagined,12,72,NA,NA,NA,NA,NA,NA,NA,13,NA,NA,NA,Ketel Bells,NA,NA,NA,NA,NA,NA,NA,6,6,6
12,NA,NA,NA,Blasphemous Hot Takes,13,73,NA,NA,NA,NA,NA,NA,NA,4,NA,NA,NA,All That is Wright,NA,NA,NA,NA,NA,NA,NA,1,1,1
1,NA,NA,NA,The Talmudic Tunnelers,13,74,NA,NA,NA,NA,NA,NA,NA,6,NA,NA,NA,The Novaks,NA,NA,NA,NA,NA,NA,NA,2,2,2
2,NA,NA,NA,Skubal Divers,13,75,NA,NA,NA,NA,NA,NA,NA,5,NA,NA,NA,The Traveling Secretaries,NA,NA,NA,NA,NA,NA,NA,3,3,3
8,NA,NA,NA,Mt. Everest Taquito Farmers,13,76,NA,NA,NA,NA,NA,NA,NA,9,NA,NA,NA,Takin' Care of Rizzness,NA,NA,NA,NA,NA,NA,NA,4,4,4
11,NA,NA,NA,The West Bank Occupiers,13,77,NA,NA,NA,NA,NA,NA,NA,7,NA,NA,NA,FVOS Re-imagined,NA,NA,NA,NA,NA,NA,NA,5,5,5
14,NA,NA,NA,Elly De La Snooze,13,78,NA,NA,NA,NA,NA,NA,NA,13,NA,NA,NA,Ketel Bells,NA,NA,NA,NA,NA,NA,NA,6,6,6
4,NA,NA,NA,All That is Wright,14,79,NA,NA,NA,NA,NA,NA,NA,6,NA,NA,NA,The Novaks,NA,NA,NA,NA,NA,NA,NA,1,1,1
5,NA,NA,NA,The Traveling Secretaries,14,80,NA,NA,NA,NA,NA,NA,NA,12,NA,NA,NA,Blasphemous Hot Takes,NA,NA,NA,NA,NA,NA,NA,2,2,2
9,NA,NA,NA,Takin' Care of Rizzness,14,81,NA,NA,NA,NA,NA,NA,NA,1,NA,NA,NA,The Talmudic Tunnelers,NA,NA,NA,NA,NA,NA,NA,3,3,3
7,NA,NA,NA,FVOS Re-imagined,14,82,NA,NA,NA,NA,NA,NA,NA,2,NA,NA,NA,Skubal Divers,NA,NA,NA,NA,NA,NA,NA,4,4,4
13,NA,NA,NA,Ketel Bells,14,83,NA,NA,NA,NA,NA,NA,NA,8,NA,NA,NA,Mt. Everest Taquito Farmers,NA,NA,NA,NA,NA,NA,NA,5,5,5
14,NA,NA,NA,Elly De La Snooze,14,84,NA,NA,NA,NA,NA,NA,NA,11,NA,NA,NA,The West Bank Occupiers,NA,NA,NA,NA,NA,NA,NA,6,6,6
5,NA,NA,NA,The Traveling Secretaries,15,85,NA,NA,NA,NA,NA,NA,NA,4,NA,NA,NA,All That is Wright,NA,NA,NA,NA,NA,NA,NA,1,1,1
6,NA,NA,NA,The Novaks,15,86,NA,NA,NA,NA,NA,NA,NA,9,NA,NA,NA,Takin' Care of Rizzness,NA,NA,NA,NA,NA,NA,NA,2,2,2
12,NA,NA,NA,Blasphemous Hot Takes,15,87,NA,NA,NA,NA,NA,NA,NA,7,NA,NA,NA,FVOS Re-imagined,NA,NA,NA,NA,NA,NA,NA,3,3,3
1,NA,NA,NA,The Talmudic Tunnelers,15,88,NA,NA,NA,NA,NA,NA,NA,13,NA,NA,NA,Ketel Bells,NA,NA,NA,NA,NA,NA,NA,4,4,4
2,NA,NA,NA,Skubal Divers,15,89,NA,NA,NA,NA,NA,NA,NA,14,NA,NA,NA,Elly De La Snooze,NA,NA,NA,NA,NA,NA,NA,5,5,5
8,NA,NA,NA,Mt. Everest Taquito Farmers,15,90,NA,NA,NA,NA,NA,NA,NA,11,NA,NA,NA,The West Bank Occupiers,NA,NA,NA,NA,NA,NA,NA,6,6,6
4,NA,NA,NA,All That is Wright,16,91,NA,NA,NA,NA,NA,NA,NA,9,NA,NA,NA,Takin' Care of Rizzness,NA,NA,NA,NA,NA,NA,NA,1,1,1
7,NA,NA,NA,FVOS Re-imagined,16,92,NA,NA,NA,NA,NA,NA,NA,5,NA,NA,NA,The Traveling Secretaries,NA,NA,NA,NA,NA,NA,NA,2,2,2
13,NA,NA,NA,Ketel Bells,16,93,NA,NA,NA,NA,NA,NA,NA,6,NA,NA,NA,The Novaks,NA,NA,NA,NA,NA,NA,NA,3,3,3
14,NA,NA,NA,Elly De La Snooze,16,94,NA,NA,NA,NA,NA,NA,NA,12,NA,NA,NA,Blasphemous Hot Takes,NA,NA,NA,NA,NA,NA,NA,4,4,4
11,NA,NA,NA,The West Bank Occupiers,16,95,NA,NA,NA,NA,NA,NA,NA,1,NA,NA,NA,The Talmudic Tunnelers,NA,NA,NA,NA,NA,NA,NA,5,5,5
8,NA,NA,NA,Mt. Everest Taquito Farmers,16,96,NA,NA,NA,NA,NA,NA,NA,2,NA,NA,NA,Skubal Divers,NA,NA,NA,NA,NA,NA,NA,6,6,6
7,NA,NA,NA,FVOS Re-imagined,17,97,NA,NA,NA,NA,NA,NA,NA,4,NA,NA,NA,All That is Wright,NA,NA,NA,NA,NA,NA,NA,1,1,1
9,NA,NA,NA,Takin' Care of Rizzness,17,98,NA,NA,NA,NA,NA,NA,NA,13,NA,NA,NA,Ketel Bells,NA,NA,NA,NA,NA,NA,NA,2,2,2
5,NA,NA,NA,The Traveling Secretaries,17,99,NA,NA,NA,NA,NA,NA,NA,14,NA,NA,NA,Elly De La Snooze,NA,NA,NA,NA,NA,NA,NA,3,3,3
6,NA,NA,NA,The Novaks,17,100,NA,NA,NA,NA,NA,NA,NA,11,NA,NA,NA,The West Bank Occupiers,NA,NA,NA,NA,NA,NA,NA,4,4,4
12,NA,NA,NA,Blasphemous Hot Takes,17,101,NA,NA,NA,NA,NA,NA,NA,8,NA,NA,NA,Mt. Everest Taquito Farmers,NA,NA,NA,NA,NA,NA,NA,5,5,5
1,NA,NA,NA,The Talmudic Tunnelers,17,102,NA,NA,NA,NA,NA,NA,NA,2,NA,NA,NA,Skubal Divers,NA,NA,NA,NA,NA,NA,NA,6,6,6
4,NA,NA,NA,All That is Wright,18,103,NA,NA,NA,NA,NA,NA,NA,13,NA,NA,NA,Ketel Bells,NA,NA,NA,NA,NA,NA,NA,1,1,1
14,NA,NA,NA,Elly De La Snooze,18,104,NA,NA,NA,NA,NA,NA,NA,7,NA,NA,NA,FVOS Re-imagined,NA,NA,NA,NA,NA,NA,NA,2,2,2
11,NA,NA,NA,The West Bank Occupiers,18,105,NA,NA,NA,NA,NA,NA,NA,9,NA,NA,NA,Takin' Care of Rizzness,NA,NA,NA,NA,NA,NA,NA,3,3,3
8,NA,NA,NA,Mt. Everest Taquito Farmers,18,106,NA,NA,NA,NA,NA,NA,NA,5,NA,NA,NA,The Traveling Secretaries,NA,NA,NA,NA,NA,NA,NA,4,4,4
2,NA,NA,NA,Skubal Divers,18,107,NA,NA,NA,NA,NA,NA,NA,6,NA,NA,NA,The Novaks,NA,NA,NA,NA,NA,NA,NA,5,5,5
1,NA,NA,NA,The Talmudic Tunnelers,18,108,NA,NA,NA,NA,NA,NA,NA,12,NA,NA,NA,Blasphemous Hot Takes,NA,NA,NA,NA,NA,NA,NA,6,6,6
14,NA,NA,NA,Elly De La Snooze,19,109,NA,NA,NA,NA,NA,NA,NA,4,NA,NA,NA,All That is Wright,NA,NA,NA,NA,NA,NA,NA,1,1,1
13,NA,NA,NA,Ketel Bells,19,110,NA,NA,NA,NA,NA,NA,NA,11,NA,NA,NA,The West Bank Occupiers,NA,NA,NA,NA,NA,NA,NA,2,2,2
7,NA,NA,NA,FVOS Re-imagined,19,111,NA,NA,NA,NA,NA,NA,NA,8,NA,NA,NA,Mt. Everest Taquito Farmers,NA,NA,NA,NA,NA,NA,NA,3,3,3
9,NA,NA,NA,Takin' Care of Rizzness,19,112,NA,NA,NA,NA,NA,NA,NA,2,NA,NA,NA,Skubal Divers,NA,NA,NA,NA,NA,NA,NA,4,4,4
5,NA,NA,NA,The Traveling Secretaries,19,113,NA,NA,NA,NA,NA,NA,NA,1,NA,NA,NA,The Talmudic Tunnelers,NA,NA,NA,NA,NA,NA,NA,5,5,5
6,NA,NA,NA,The Novaks,19,114,NA,NA,NA,NA,NA,NA,NA,12,NA,NA,NA,Blasphemous Hot Takes,NA,NA,NA,NA,NA,NA,NA,6,6,6
4,NA,NA,NA,All That is Wright,20,115,NA,NA,NA,NA,NA,NA,NA,11,NA,NA,NA,The West Bank Occupiers,NA,NA,NA,NA,NA,NA,NA,1,1,1
8,NA,NA,NA,Mt. Everest Taquito Farmers,20,116,NA,NA,NA,NA,NA,NA,NA,14,NA,NA,NA,Elly De La Snooze,NA,NA,NA,NA,NA,NA,NA,2,2,2
2,NA,NA,NA,Skubal Divers,20,117,NA,NA,NA,NA,NA,NA,NA,13,NA,NA,NA,Ketel Bells,NA,NA,NA,NA,NA,NA,NA,3,3,3
1,NA,NA,NA,The Talmudic Tunnelers,20,118,NA,NA,NA,NA,NA,NA,NA,7,NA,NA,NA,FVOS Re-imagined,NA,NA,NA,NA,NA,NA,NA,4,4,4
12,NA,NA,NA,Blasphemous Hot Takes,20,119,NA,NA,NA,NA,NA,NA,NA,9,NA,NA,NA,Takin' Care of Rizzness,NA,NA,NA,NA,NA,NA,NA,5,5,5
6,NA,NA,NA,The Novaks,20,120,NA,NA,NA,NA,NA,NA,NA,5,NA,NA,NA,The Traveling Secretaries,NA,NA,NA,NA,NA,NA,NA,6,6,6
8,NA,NA,NA,Mt. Everest Taquito Farmers,21,121,NA,NA,NA,NA,NA,NA,NA,4,NA,NA,NA,All That is Wright,NA,NA,NA,NA,NA,NA,NA,1,1,1
11,NA,NA,NA,The West Bank Occupiers,21,122,NA,NA,NA,NA,NA,NA,NA,2,NA,NA,NA,Skubal Divers,NA,NA,NA,NA,NA,NA,NA,2,2,2
14,NA,NA,NA,Elly De La Snooze,21,123,NA,NA,NA,NA,NA,NA,NA,1,NA,NA,NA,The Talmudic Tunnelers,NA,NA,NA,NA,NA,NA,NA,3,3,3
13,NA,NA,NA,Ketel Bells,21,124,NA,NA,NA,NA,NA,NA,NA,12,NA,NA,NA,Blasphemous Hot Takes,NA,NA,NA,NA,NA,NA,NA,4,4,4
7,NA,NA,NA,FVOS Re-imagined,21,125,NA,NA,NA,NA,NA,NA,NA,6,NA,NA,NA,The Novaks,NA,NA,NA,NA,NA,NA,NA,5,5,5
9,NA,NA,NA,Takin' Care of Rizzness,21,126,NA,NA,NA,NA,NA,NA,NA,5,NA,NA,NA,The Traveling Secretaries,NA,NA,NA,NA,NA,NA,NA,6,6,6
4,252,150,102,All That is Wright,1,1,6,96,352.8,210,142.8,134.4,8.4,1,223,141.5,81.5,The Talmudic Tunnelers,13.5,68,312.2,198.1,114.1,95.2,18.9,2,3,2
12,213.5,131,82.5,Blasphemous Hot Takes,1,2,30.5,52,298.9,183.4,115.5,72.8,42.7,2,182.5,113,69.5,Skubal Divers,16,53.5,255.5,158.2,97.3,74.9,22.4,6,7,4
6,274,150.5,123.5,The Novaks,1,3,18.5,105,383.6,210.7,172.9,147,25.9,8,245,168.5,76.5,Mt. Everest Taquito Farmers,12.5,64,343,235.9,107.1,89.6,17.5,1,2,1
5,148.5,97.5,51,The Traveling Secretaries,1,4,9,42,207.9,136.5,71.4,58.8,12.6,11,227,142.5,84.5,The West Bank Occupiers,-3,87.5,317.8,199.5,118.3,122.5,-4.2,11,12,10
9,206,127.5,78.5,Takin' Care of Rizzness,1,5,12,66.5,288.4,178.5,109.9,93.1,16.8,14,208.5,127.5,81,Elly De La Snooze,13,68,291.9,178.5,113.4,95.2,18.2,8,8.5,7
7,170.5,138.5,32,FVOS Re-imagined,1,6,-7,39,238.7,193.9,44.8,54.6,-9.8,13,143,104,39,Ketel Bells,21,18,200.2,145.6,54.6,25.2,29.4,10,6,12
12,338.5,156.5,182,Blasphemous Hot Takes,2,7,31.5,150.5,338.5,156.5,182,150.5,31.5,4,349.5,182,167.5,All That is Wright,25,142.5,349.5,182,167.5,142.5,25,3,8,1
1,339.5,166.5,173,The Talmudic Tunnelers,2,8,27,146,339.5,166.5,173,146,27,6,308,223,85,The Novaks,10,75,308,223,85,75,10,2,6.5,2
2,313.5,149,164.5,Skubal Divers,2,9,18.5,146,313.5,149,164.5,146,18.5,5,206,148,58,The Traveling Secretaries,25.5,32.5,206,148,58,32.5,25.5,6,9,4
8,291,137,154,Mt. Everest Taquito Farmers,2,10,34.5,119.5,291,137,154,119.5,34.5,9,292,173,119,Takin' Care of Rizzness,13.5,105.5,292,173,119,105.5,13.5,9,11,5
11,329,205.5,123.5,The West Bank Occupiers,2,11,25.5,98,329,205.5,123.5,98,25.5,7,267,135.5,131.5,FVOS Re-imagined,14.5,117,267,135.5,131.5,117,14.5,4,3,7
14,240,166.5,73.5,Elly De La Snooze,2,12,19.5,54,240,166.5,73.5,54,19.5,13,320,207,113,Ketel Bells,36.5,76.5,320,207,113,76.5,36.5,11,6.5,11
4,352.5,228.5,124,All That is Wright,3,13,29,95,352.5,228.5,124,95,29,6,291,160.5,130.5,The Novaks,21.5,109,291,160.5,130.5,109,21.5,6,4,7
5,369.5,210.5,159,The Traveling Secretaries,3,14,41.5,117.5,369.5,210.5,159,117.5,41.5,12,366.5,225.5,141,Blasphemous Hot Takes,29,112,366.5,225.5,141,112,29,3,7,2
9,235,152.5,82.5,Takin' Care of Rizzness,3,15,19,63.5,235,152.5,82.5,63.5,19,1,299.5,204.5,95,The Talmudic Tunnelers,-3.5,98.5,299.5,204.5,95,98.5,-3.5,12,12,12
7,320,160.5,159.5,FVOS Re-imagined,3,16,9.5,150,320,160.5,159.5,150,9.5,2,376.5,221,155.5,Skubal Divers,54.5,101,376.5,221,155.5,101,54.5,9,10.5,1
13,349.5,247.5,102,Ketel Bells,3,17,13.5,88.5,349.5,247.5,102,88.5,13.5,8,320.5,200,120.5,Mt. Everest Taquito Farmers,25,95.5,320.5,200,120.5,95.5,25,7,1.5,10
14,353.5,247.5,106,Elly De La Snooze,3,18,26.5,79.5,353.5,247.5,106,79.5,26.5,11,379,239,140,The West Bank Occupiers,30,110,379,239,140,110,30,5,1.5,9
5,372.5,232,140.5,The Traveling Secretaries,4,19,12,128.5,372.5,232,140.5,128.5,12,4,240,129.5,110.5,All That is Wright,12.5,98,240,129.5,110.5,98,12.5,2,1,9
6,323.5,161.5,162,The Novaks,4,20,6.5,155.5,323.5,161.5,162,155.5,6.5,9,282,149.5,132.5,Takin' Care of Rizzness,15,117.5,282,149.5,132.5,117.5,15,8,8,5
12,385,181.5,203.5,Blasphemous Hot Takes,4,21,25.5,178,385,181.5,203.5,178,25.5,7,361,196.5,164.5,FVOS Re-imagined,18.5,146,361,196.5,164.5,146,18.5,1,7,1
1,315.5,217.5,98,The Talmudic Tunnelers,4,22,9.5,88.5,315.5,217.5,98,88.5,9.5,13,361,182.5,178.5,Ketel Bells,21,157.5,361,182.5,178.5,157.5,21,9,2,12
2,354.5,203,151.5,Skubal Divers,4,23,19,132.5,354.5,203,151.5,132.5,19,14,346,157.5,188.5,Elly De La Snooze,39.5,149,346,157.5,188.5,149,39.5,6,4,6
8,302.5,157,145.5,Mt. Everest Taquito Farmers,4,24,53,92.5,302.5,157,145.5,92.5,53,11,356,213.5,142.5,The West Bank Occupiers,36,106.5,356,213.5,142.5,106.5,36,10,10,7
4,NA,NA,NA,All That is Wright,5,25,0,NA,NA,NA,NA,NA,0,9,NA,NA,NA,Takin' Care of Rizzness,0,NA,NA,NA,NA,NA,0,7,7,7
7,NA,NA,NA,FVOS Re-imagined,5,26,0,NA,NA,NA,NA,NA,0,5,NA,NA,NA,The Traveling Secretaries,0,NA,NA,NA,NA,NA,0,8,8,8
13,NA,NA,NA,Ketel Bells,5,27,0,NA,NA,NA,NA,NA,0,6,NA,NA,NA,The Novaks,0,NA,NA,NA,NA,NA,0,9,9,9
14,NA,NA,NA,Elly De La Snooze,5,28,0,NA,NA,NA,NA,NA,0,12,NA,NA,NA,Blasphemous Hot Takes,0,NA,NA,NA,NA,NA,0,10,10,10
11,NA,NA,NA,The West Bank Occupiers,5,29,0,NA,NA,NA,NA,NA,0,1,NA,NA,NA,The Talmudic Tunnelers,0,NA,NA,NA,NA,NA,0,11,11,11
8,NA,NA,NA,Mt. Everest Taquito Farmers,5,30,0,NA,NA,NA,NA,NA,0,2,NA,NA,NA,Skubal Divers,0,NA,NA,NA,NA,NA,0,12,12,12
7,NA,NA,NA,FVOS Re-imagined,6,31,NA,NA,NA,NA,NA,NA,NA,4,NA,NA,NA,All That is Wright,NA,NA,NA,NA,NA,NA,NA,7,7,7
9,NA,NA,NA,Takin' Care of Rizzness,6,32,NA,NA,NA,NA,NA,NA,NA,13,NA,NA,NA,Ketel Bells,NA,NA,NA,NA,NA,NA,NA,8,8,8
5,NA,NA,NA,The Traveling Secretaries,6,33,NA,NA,NA,NA,NA,NA,NA,14,NA,NA,NA,Elly De La Snooze,NA,NA,NA,NA,NA,NA,NA,9,9,9
6,NA,NA,NA,The Novaks,6,34,NA,NA,NA,NA,NA,NA,NA,11,NA,NA,NA,The West Bank Occupiers,NA,NA,NA,NA,NA,NA,NA,10,10,10
12,NA,NA,NA,Blasphemous Hot Takes,6,35,NA,NA,NA,NA,NA,NA,NA,8,NA,NA,NA,Mt. Everest Taquito Farmers,NA,NA,NA,NA,NA,NA,NA,11,11,11
1,NA,NA,NA,The Talmudic Tunnelers,6,36,NA,NA,NA,NA,NA,NA,NA,2,NA,NA,NA,Skubal Divers,NA,NA,NA,NA,NA,NA,NA,12,12,12
4,NA,NA,NA,All That is Wright,7,37,NA,NA,NA,NA,NA,NA,NA,13,NA,NA,NA,Ketel Bells,NA,NA,NA,NA,NA,NA,NA,7,7,7
14,NA,NA,NA,Elly De La Snooze,7,38,NA,NA,NA,NA,NA,NA,NA,7,NA,NA,NA,FVOS Re-imagined,NA,NA,NA,NA,NA,NA,NA,8,8,8
11,NA,NA,NA,The West Bank Occupiers,7,39,NA,NA,NA,NA,NA,NA,NA,9,NA,NA,NA,Takin' Care of Rizzness,NA,NA,NA,NA,NA,NA,NA,9,9,9
8,NA,NA,NA,Mt. Everest Taquito Farmers,7,40,NA,NA,NA,NA,NA,NA,NA,5,NA,NA,NA,The Traveling Secretaries,NA,NA,NA,NA,NA,NA,NA,10,10,10
2,NA,NA,NA,Skubal Divers,7,41,NA,NA,NA,NA,NA,NA,NA,6,NA,NA,NA,The Novaks,NA,NA,NA,NA,NA,NA,NA,11,11,11
1,NA,NA,NA,The Talmudic Tunnelers,7,42,NA,NA,NA,NA,NA,NA,NA,12,NA,NA,NA,Blasphemous Hot Takes,NA,NA,NA,NA,NA,NA,NA,12,12,12
14,NA,NA,NA,Elly De La Snooze,8,43,NA,NA,NA,NA,NA,NA,NA,4,NA,NA,NA,All That is Wright,NA,NA,NA,NA,NA,NA,NA,7,7,7
13,NA,NA,NA,Ketel Bells,8,44,NA,NA,NA,NA,NA,NA,NA,11,NA,NA,NA,The West Bank Occupiers,NA,NA,NA,NA,NA,NA,NA,8,8,8
7,NA,NA,NA,FVOS Re-imagined,8,45,NA,NA,NA,NA,NA,NA,NA,8,NA,NA,NA,Mt. Everest Taquito Farmers,NA,NA,NA,NA,NA,NA,NA,9,9,9
9,NA,NA,NA,Takin' Care of Rizzness,8,46,NA,NA,NA,NA,NA,NA,NA,2,NA,NA,NA,Skubal Divers,NA,NA,NA,NA,NA,NA,NA,10,10,10
5,NA,NA,NA,The Traveling Secretaries,8,47,NA,NA,NA,NA,NA,NA,NA,1,NA,NA,NA,The Talmudic Tunnelers,NA,NA,NA,NA,NA,NA,NA,11,11,11
6,NA,NA,NA,The Novaks,8,48,NA,NA,NA,NA,NA,NA,NA,12,NA,NA,NA,Blasphemous Hot Takes,NA,NA,NA,NA,NA,NA,NA,12,12,12
4,NA,NA,NA,All That is Wright,9,49,NA,NA,NA,NA,NA,NA,NA,11,NA,NA,NA,The West Bank Occupiers,NA,NA,NA,NA,NA,NA,NA,7,7,7
8,NA,NA,NA,Mt. Everest Taquito Farmers,9,50,NA,NA,NA,NA,NA,NA,NA,14,NA,NA,NA,Elly De La Snooze,NA,NA,NA,NA,NA,NA,NA,8,8,8
2,NA,NA,NA,Skubal Divers,9,51,NA,NA,NA,NA,NA,NA,NA,13,NA,NA,NA,Ketel Bells,NA,NA,NA,NA,NA,NA,NA,9,9,9
1,NA,NA,NA,The Talmudic Tunnelers,9,52,NA,NA,NA,NA,NA,NA,NA,7,NA,NA,NA,FVOS Re-imagined,NA,NA,NA,NA,NA,NA,NA,10,10,10
12,NA,NA,NA,Blasphemous Hot Takes,9,53,NA,NA,NA,NA,NA,NA,NA,9,NA,NA,NA,Takin' Care of Rizzness,NA,NA,NA,NA,NA,NA,NA,11,11,11
6,NA,NA,NA,The Novaks,9,54,NA,NA,NA,NA,NA,NA,NA,5,NA,NA,NA,The Traveling Secretaries,NA,NA,NA,NA,NA,NA,NA,12,12,12
8,NA,NA,NA,Mt. Everest Taquito Farmers,10,55,NA,NA,NA,NA,NA,NA,NA,4,NA,NA,NA,All That is Wright,NA,NA,NA,NA,NA,NA,NA,7,7,7
11,NA,NA,NA,The West Bank Occupiers,10,56,NA,NA,NA,NA,NA,NA,NA,2,NA,NA,NA,Skubal Divers,NA,NA,NA,NA,NA,NA,NA,8,8,8
14,NA,NA,NA,Elly De La Snooze,10,57,NA,NA,NA,NA,NA,NA,NA,1,NA,NA,NA,The Talmudic Tunnelers,NA,NA,NA,NA,NA,NA,NA,9,9,9
13,NA,NA,NA,Ketel Bells,10,58,NA,NA,NA,NA,NA,NA,NA,12,NA,NA,NA,Blasphemous Hot Takes,NA,NA,NA,NA,NA,NA,NA,10,10,10
7,NA,NA,NA,FVOS Re-imagined,10,59,NA,NA,NA,NA,NA,NA,NA,6,NA,NA,NA,The Novaks,NA,NA,NA,NA,NA,NA,NA,11,11,11
9,NA,NA,NA,Takin' Care of Rizzness,10,60,NA,NA,NA,NA,NA,NA,NA,5,NA,NA,NA,The Traveling Secretaries,NA,NA,NA,NA,NA,NA,NA,12,12,12
4,NA,NA,NA,All That is Wright,11,61,NA,NA,NA,NA,NA,NA,NA,2,NA,NA,NA,Skubal Divers,NA,NA,NA,NA,NA,NA,NA,7,7,7
1,NA,NA,NA,The Talmudic Tunnelers,11,62,NA,NA,NA,NA,NA,NA,NA,8,NA,NA,NA,Mt. Everest Taquito Farmers,NA,NA,NA,NA,NA,NA,NA,8,8,8
12,NA,NA,NA,Blasphemous Hot Takes,11,63,NA,NA,NA,NA,NA,NA,NA,11,NA,NA,NA,The West Bank Occupiers,NA,NA,NA,NA,NA,NA,NA,9,9,9
6,NA,NA,NA,The Novaks,11,64,NA,NA,NA,NA,NA,NA,NA,14,NA,NA,NA,Elly De La Snooze,NA,NA,NA,NA,NA,NA,NA,10,10,10
5,NA,NA,NA,The Traveling Secretaries,11,65,NA,NA,NA,NA,NA,NA,NA,13,NA,NA,NA,Ketel Bells,NA,NA,NA,NA,NA,NA,NA,11,11,11
9,NA,NA,NA,Takin' Care of Rizzness,11,66,NA,NA,NA,NA,NA,NA,NA,7,NA,NA,NA,FVOS Re-imagined,NA,NA,NA,NA,NA,NA,NA,12,12,12
1,NA,NA,NA,The Talmudic Tunnelers,12,67,NA,NA,NA,NA,NA,NA,NA,4,NA,NA,NA,All That is Wright,NA,NA,NA,NA,NA,NA,NA,7,7,7
2,NA,NA,NA,Skubal Divers,12,68,NA,NA,NA,NA,NA,NA,NA,12,NA,NA,NA,Blasphemous Hot Takes,NA,NA,NA,NA,NA,NA,NA,8,8,8
8,NA,NA,NA,Mt. Everest Taquito Farmers,12,69,NA,NA,NA,NA,NA,NA,NA,6,NA,NA,NA,The Novaks,NA,NA,NA,NA,NA,NA,NA,9,9,9
11,NA,NA,NA,The West Bank Occupiers,12,70,NA,NA,NA,NA,NA,NA,NA,5,NA,NA,NA,The Traveling Secretaries,NA,NA,NA,NA,NA,NA,NA,10,10,10
14,NA,NA,NA,Elly De La Snooze,12,71,NA,NA,NA,NA,NA,NA,NA,9,NA,NA,NA,Takin' Care of Rizzness,NA,NA,NA,NA,NA,NA,NA,11,11,11
13,NA,NA,NA,Ketel Bells,12,72,NA,NA,NA,NA,NA,NA,NA,7,NA,NA,NA,FVOS Re-imagined,NA,NA,NA,NA,NA,NA,NA,12,12,12
4,NA,NA,NA,All That is Wright,13,73,NA,NA,NA,NA,NA,NA,NA,12,NA,NA,NA,Blasphemous Hot Takes,NA,NA,NA,NA,NA,NA,NA,7,7,7
6,NA,NA,NA,The Novaks,13,74,NA,NA,NA,NA,NA,NA,NA,1,NA,NA,NA,The Talmudic Tunnelers,NA,NA,NA,NA,NA,NA,NA,8,8,8
5,NA,NA,NA,The Traveling Secretaries,13,75,NA,NA,NA,NA,NA,NA,NA,2,NA,NA,NA,Skubal Divers,NA,NA,NA,NA,NA,NA,NA,9,9,9
9,NA,NA,NA,Takin' Care of Rizzness,13,76,NA,NA,NA,NA,NA,NA,NA,8,NA,NA,NA,Mt. Everest Taquito Farmers,NA,NA,NA,NA,NA,NA,NA,10,10,10
7,NA,NA,NA,FVOS Re-imagined,13,77,NA,NA,NA,NA,NA,NA,NA,11,NA,NA,NA,The West Bank Occupiers,NA,NA,NA,NA,NA,NA,NA,11,11,11
13,NA,NA,NA,Ketel Bells,13,78,NA,NA,NA,NA,NA,NA,NA,14,NA,NA,NA,Elly De La Snooze,NA,NA,NA,NA,NA,NA,NA,12,12,12
6,NA,NA,NA,The Novaks,14,79,NA,NA,NA,NA,NA,NA,NA,4,NA,NA,NA,All That is Wright,NA,NA,NA,NA,NA,NA,NA,7,7,7
12,NA,NA,NA,Blasphemous Hot Takes,14,80,NA,NA,NA,NA,NA,NA,NA,5,NA,NA,NA,The Traveling Secretaries,NA,NA,NA,NA,NA,NA,NA,8,8,8
1,NA,NA,NA,The Talmudic Tunnelers,14,81,NA,NA,NA,NA,NA,NA,NA,9,NA,NA,NA,Takin' Care of Rizzness,NA,NA,NA,NA,NA,NA,NA,9,9,9
2,NA,NA,NA,Skubal Divers,14,82,NA,NA,NA,NA,NA,NA,NA,7,NA,NA,NA,FVOS Re-imagined,NA,NA,NA,NA,NA,NA,NA,10,10,10
8,NA,NA,NA,Mt. Everest Taquito Farmers,14,83,NA,NA,NA,NA,NA,NA,NA,13,NA,NA,NA,Ketel Bells,NA,NA,NA,NA,NA,NA,NA,11,11,11
11,NA,NA,NA,The West Bank Occupiers,14,84,NA,NA,NA,NA,NA,NA,NA,14,NA,NA,NA,Elly De La Snooze,NA,NA,NA,NA,NA,NA,NA,12,12,12
4,NA,NA,NA,All That is Wright,15,85,NA,NA,NA,NA,NA,NA,NA,5,NA,NA,NA,The Traveling Secretaries,NA,NA,NA,NA,NA,NA,NA,7,7,7
9,NA,NA,NA,Takin' Care of Rizzness,15,86,NA,NA,NA,NA,NA,NA,NA,6,NA,NA,NA,The Novaks,NA,NA,NA,NA,NA,NA,NA,8,8,8
7,NA,NA,NA,FVOS Re-imagined,15,87,NA,NA,NA,NA,NA,NA,NA,12,NA,NA,NA,Blasphemous Hot Takes,NA,NA,NA,NA,NA,NA,NA,9,9,9
13,NA,NA,NA,Ketel Bells,15,88,NA,NA,NA,NA,NA,NA,NA,1,NA,NA,NA,The Talmudic Tunnelers,NA,NA,NA,NA,NA,NA,NA,10,10,10
14,NA,NA,NA,Elly De La Snooze,15,89,NA,NA,NA,NA,NA,NA,NA,2,NA,NA,NA,Skubal Divers,NA,NA,NA,NA,NA,NA,NA,11,11,11
11,NA,NA,NA,The West Bank Occupiers,15,90,NA,NA,NA,NA,NA,NA,NA,8,NA,NA,NA,Mt. Everest Taquito Farmers,NA,NA,NA,NA,NA,NA,NA,12,12,12
9,NA,NA,NA,Takin' Care of Rizzness,16,91,NA,NA,NA,NA,NA,NA,NA,4,NA,NA,NA,All That is Wright,NA,NA,NA,NA,NA,NA,NA,7,7,7
5,NA,NA,NA,The Traveling Secretaries,16,92,NA,NA,NA,NA,NA,NA,NA,7,NA,NA,NA,FVOS Re-imagined,NA,NA,NA,NA,NA,NA,NA,8,8,8
6,NA,NA,NA,The Novaks,16,93,NA,NA,NA,NA,NA,NA,NA,13,NA,NA,NA,Ketel Bells,NA,NA,NA,NA,NA,NA,NA,9,9,9
12,NA,NA,NA,Blasphemous Hot Takes,16,94,NA,NA,NA,NA,NA,NA,NA,14,NA,NA,NA,Elly De La Snooze,NA,NA,NA,NA,NA,NA,NA,10,10,10
1,NA,NA,NA,The Talmudic Tunnelers,16,95,NA,NA,NA,NA,NA,NA,NA,11,NA,NA,NA,The West Bank Occupiers,NA,NA,NA,NA,NA,NA,NA,11,11,11
2,NA,NA,NA,Skubal Divers,16,96,NA,NA,NA,NA,NA,NA,NA,8,NA,NA,NA,Mt. Everest Taquito Farmers,NA,NA,NA,NA,NA,NA,NA,12,12,12
4,NA,NA,NA,All That is Wright,17,97,NA,NA,NA,NA,NA,NA,NA,7,NA,NA,NA,FVOS Re-imagined,NA,NA,NA,NA,NA,NA,NA,7,7,7
13,NA,NA,NA,Ketel Bells,17,98,NA,NA,NA,NA,NA,NA,NA,9,NA,NA,NA,Takin' Care of Rizzness,NA,NA,NA,NA,NA,NA,NA,8,8,8
14,NA,NA,NA,Elly De La Snooze,17,99,NA,NA,NA,NA,NA,NA,NA,5,NA,NA,NA,The Traveling Secretaries,NA,NA,NA,NA,NA,NA,NA,9,9,9
11,NA,NA,NA,The West Bank Occupiers,17,100,NA,NA,NA,NA,NA,NA,NA,6,NA,NA,NA,The Novaks,NA,NA,NA,NA,NA,NA,NA,10,10,10
8,NA,NA,NA,Mt. Everest Taquito Farmers,17,101,NA,NA,NA,NA,NA,NA,NA,12,NA,NA,NA,Blasphemous Hot Takes,NA,NA,NA,NA,NA,NA,NA,11,11,11
2,NA,NA,NA,Skubal Divers,17,102,NA,NA,NA,NA,NA,NA,NA,1,NA,NA,NA,The Talmudic Tunnelers,NA,NA,NA,NA,NA,NA,NA,12,12,12
13,NA,NA,NA,Ketel Bells,18,103,NA,NA,NA,NA,NA,NA,NA,4,NA,NA,NA,All That is Wright,NA,NA,NA,NA,NA,NA,NA,7,7,7
7,NA,NA,NA,FVOS Re-imagined,18,104,NA,NA,NA,NA,NA,NA,NA,14,NA,NA,NA,Elly De La Snooze,NA,NA,NA,NA,NA,NA,NA,8,8,8
9,NA,NA,NA,Takin' Care of Rizzness,18,105,NA,NA,NA,NA,NA,NA,NA,11,NA,NA,NA,The West Bank Occupiers,NA,NA,NA,NA,NA,NA,NA,9,9,9
5,NA,NA,NA,The Traveling Secretaries,18,106,NA,NA,NA,NA,NA,NA,NA,8,NA,NA,NA,Mt. Everest Taquito Farmers,NA,NA,NA,NA,NA,NA,NA,10,10,10
6,NA,NA,NA,The Novaks,18,107,NA,NA,NA,NA,NA,NA,NA,2,NA,NA,NA,Skubal Divers,NA,NA,NA,NA,NA,NA,NA,11,11,11
12,NA,NA,NA,Blasphemous Hot Takes,18,108,NA,NA,NA,NA,NA,NA,NA,1,NA,NA,NA,The Talmudic Tunnelers,NA,NA,NA,NA,NA,NA,NA,12,12,12
4,NA,NA,NA,All That is Wright,19,109,NA,NA,NA,NA,NA,NA,NA,14,NA,NA,NA,Elly De La Snooze,NA,NA,NA,NA,NA,NA,NA,7,7,7
11,NA,NA,NA,The West Bank Occupiers,19,110,NA,NA,NA,NA,NA,NA,NA,13,NA,NA,NA,Ketel Bells,NA,NA,NA,NA,NA,NA,NA,8,8,8
8,NA,NA,NA,Mt. Everest Taquito Farmers,19,111,NA,NA,NA,NA,NA,NA,NA,7,NA,NA,NA,FVOS Re-imagined,NA,NA,NA,NA,NA,NA,NA,9,9,9
2,NA,NA,NA,Skubal Divers,19,112,NA,NA,NA,NA,NA,NA,NA,9,NA,NA,NA,Takin' Care of Rizzness,NA,NA,NA,NA,NA,NA,NA,10,10,10
1,NA,NA,NA,The Talmudic Tunnelers,19,113,NA,NA,NA,NA,NA,NA,NA,5,NA,NA,NA,The Traveling Secretaries,NA,NA,NA,NA,NA,NA,NA,11,11,11
12,NA,NA,NA,Blasphemous Hot Takes,19,114,NA,NA,NA,NA,NA,NA,NA,6,NA,NA,NA,The Novaks,NA,NA,NA,NA,NA,NA,NA,12,12,12
11,NA,NA,NA,The West Bank Occupiers,20,115,NA,NA,NA,NA,NA,NA,NA,4,NA,NA,NA,All That is Wright,NA,NA,NA,NA,NA,NA,NA,7,7,7
14,NA,NA,NA,Elly De La Snooze,20,116,NA,NA,NA,NA,NA,NA,NA,8,NA,NA,NA,Mt. Everest Taquito Farmers,NA,NA,NA,NA,NA,NA,NA,8,8,8
13,NA,NA,NA,Ketel Bells,20,117,NA,NA,NA,NA,NA,NA,NA,2,NA,NA,NA,Skubal Divers,NA,NA,NA,NA,NA,NA,NA,9,9,9
7,NA,NA,NA,FVOS Re-imagined,20,118,NA,NA,NA,NA,NA,NA,NA,1,NA,NA,NA,The Talmudic Tunnelers,NA,NA,NA,NA,NA,NA,NA,10,10,10
9,NA,NA,NA,Takin' Care of Rizzness,20,119,NA,NA,NA,NA,NA,NA,NA,12,NA,NA,NA,Blasphemous Hot Takes,NA,NA,NA,NA,NA,NA,NA,11,11,11
5,NA,NA,NA,The Traveling Secretaries,20,120,NA,NA,NA,NA,NA,NA,NA,6,NA,NA,NA,The Novaks,NA,NA,NA,NA,NA,NA,NA,12,12,12
4,NA,NA,NA,All That is Wright,21,121,NA,NA,NA,NA,NA,NA,NA,8,NA,NA,NA,Mt. Everest Taquito Farmers,NA,NA,NA,NA,NA,NA,NA,7,7,7
2,NA,NA,NA,Skubal Divers,21,122,NA,NA,NA,NA,NA,NA,NA,11,NA,NA,NA,The West Bank Occupiers,NA,NA,NA,NA,NA,NA,NA,8,8,8
1,NA,NA,NA,The Talmudic Tunnelers,21,123,NA,NA,NA,NA,NA,NA,NA,14,NA,NA,NA,Elly De La Snooze,NA,NA,NA,NA,NA,NA,NA,9,9,9
12,NA,NA,NA,Blasphemous Hot Takes,21,124,NA,NA,NA,NA,NA,NA,NA,13,NA,NA,NA,Ketel Bells,NA,NA,NA,NA,NA,NA,NA,10,10,10
6,NA,NA,NA,The Novaks,21,125,NA,NA,NA,NA,NA,NA,NA,7,NA,NA,NA,FVOS Re-imagined,NA,NA,NA,NA,NA,NA,NA,11,11,11
5,NA,NA,NA,The Traveling Secretaries,21,126,NA,NA,NA,NA,NA,NA,NA,9,NA,NA,NA,Takin' Care of Rizzness,NA,NA,NA,NA,NA,NA,NA,12,12,12
